Recon_met;Mean_Healthy_bl;LbHealthy_bl;UbHealthy_bl;LbAbnormal_bl;UbAbnormal_bl;Urine;Blood;Cytoplasm_predictedFromLogP_;Cytoplasm;Extracellular;Liver;AdiposeTissue;SkeletalMuscle;Recon_HMDB_id;Recon_KEGG_ID;Recon_Pubchem_ID;Recon_Chebi_ID;LbHealthy;UbHealthy;LbAbnormal;UbAbnormal
Hep_tag_stores;0;0;0;0;0;False;True;False;False;False;False;False;False;;;NaN;NaN;0;0;0;0
Muscle_tag_stores;0;0;0;0;0;False;True;False;False;False;False;False;False;;;NaN;NaN;0;0;0;0
store_13_cis_retn[bl];0.015;0.01;0.02;0;0;False;True;False;True;True;False;False;False;HMDB06219;D00348;5282379;6067;0.002;0.004;NaN;NaN
store_13_cis_retnglc[bl];0.033;0.0205;0.0455;0;0;True;True;False;True;True;True;True;False;HMDB03141;C11061;5281877;28870;0.0041;0.0091;NaN;NaN
store_13dampp[bl];0.2;0.05;0.35;0;1.3;True;True;False;False;True;False;False;False;HMDB00002;C00986;428;15725;0.01;0.07;0;0.26
store_13dpg[bl];0;0;0;0;0;False;True;False;False;True;False;False;False;HMDB01270;C00236;439191;16001;NaN;NaN;NaN;NaN
store_1mncam[bl];2.1425;0.035;4.25;0.495;4.255;True;True;False;True;True;False;False;False;HMDB00699;C02918;457;16797;0.007;0.85;0.099;0.851
store_23dpg[bl];0;0;0;0;0;False;True;False;False;True;False;False;False;HMDB01294;C01159;NaN;17720;NaN;NaN;NaN;NaN
store_25hvitd3[bl];0.35375;0.0075;0.7;0.065;0.37;True;True;False;True;True;False;False;False;HMDB03550;C01561;NaN;17933;0.0015;0.14;0.013;0.074
store_2hb[bl];220;40;400;0;0;True;True;False;True;True;False;False;False;HMDB00008;C05984;NaN;1148;8;80;NaN;NaN
store_2obut[bl];38.5;0;77;0;0;True;True;False;False;True;False;False;False;HMDB00005;C00109;58;30831;0;15.4;NaN;NaN
store_2oxoadp[bl];0;0;0;0;0;True;True;False;False;False;False;False;False;HMDB00225;C00322;NaN;15753;NaN;NaN;NaN;NaN
store_34dhoxpeg[bl];0.03;0.022;0.038;0;0;True;True;False;True;True;False;False;False;HMDB00318;C05576;91528;1387;0.0044;0.0076;NaN;NaN
store_34dhphe[bl];0.03615;0.0313;0.041;0;0;True;True;False;True;True;False;False;False;HMDB00181;C00355;NaN;15765;0.00626;0.0082;NaN;NaN
store_34hpp[bl];1.85;0.7;3;0;0;True;True;False;False;True;False;False;False;HMDB00707;C01179;979;15999;0.14;0.6;NaN;NaN
store_35cgmp[bl];0.0275;0.026;0.029;0.016;0.019;False;True;False;True;False;False;False;False;HMDB01314;C00942;24316;16356;0.0052;0.0058;0.0032;0.0038
store_3aib[bl];5.15;3.45;6.85;0;0;True;True;False;False;False;False;False;False;HMDB02166;C03284;NaN;33094;0.69;1.37;NaN;NaN
store_3hanthrn[bl];0.56;0.075;1.045;0.035;0.055;True;True;False;False;True;False;False;False;HMDB01476;C00632;NaN;15793;0.015;0.209;0.007;0.011
store_3mlda[bl];0.42285;0.35465;0.49105;0;0;True;True;False;True;False;False;False;False;HMDB02820;C05828;75810;1606;0.07093;0.09821;NaN;NaN
store_3mob[bl];55;46.5;63.5;26;81;True;True;False;True;True;False;False;False;HMDB00019;C00141;49;16530;9.3;12.7;5.2;16.2
store_3mop[bl];97.5;40;155;665;755;True;True;False;True;True;False;False;False;HMDB00491;C03465;47;35932;8;31;133;151
store_3pg[bl];236;199;273;0;0;False;True;True;False;False;False;False;False;HMDB00807;C00597;439183;17794;39.8;54.6;NaN;NaN
store_3sala[bl];6.9;5.5;8.3;0;0;False;True;False;False;False;False;False;False;HMDB00996;C00606;28167170;16345;1.1;1.66;NaN;NaN
store_3uib[bl];0;0;0;0;0;True;True;True;False;False;False;False;False;HMDB02031;C05100;NaN;1670;NaN;NaN;NaN;NaN
store_4abut[bl];0.55;0.435;0.665;0;10;True;True;False;True;False;False;False;False;HMDB00112;C00334;119;16865;0.087;0.133;0;2
store_4hdebrisoquine[bl];1.085;0.98;1.19;0;0;False;True;False;True;True;False;False;False;HMDB06468;;NaN;63800;0.196;0.238;NaN;NaN
store_4hphac[bl];196.0025;0.35;391.655;0;0;True;True;False;True;True;False;False;False;HMDB00020;C00642;127;18101;0.07;78.331;NaN;NaN
store_4hpro_LT[bl];85;15;155;0;455;True;True;False;False;False;True;False;True;HMDB00725;C01157;5810;18095;3;31;0;91
store_4mop[bl];145;0;290;0;0;True;True;False;True;True;False;False;False;HMDB00695;C00233;70;48430;0;58;NaN;NaN
store_4mtolbutamide[bl];0;0;0;0;0;True;True;False;True;True;True;False;False;HMDB06408;;NaN;63799;NaN;NaN;NaN;NaN
store_4nph[bl];0;0;0;0;0;True;True;False;True;True;True;False;False;HMDB01232;C00870;NaN;16836;NaN;NaN;NaN;NaN
store_4nphsf[bl];0;0;0;0;0;False;False;False;True;True;False;False;False;HMDB06492;;NaN;35422;NaN;NaN;NaN;NaN
store_4pyrdx[bl];7.85525;0.0105;15.7;0;0;True;True;False;True;True;True;False;False;HMDB00017;C00847;NaN;17405;0.0021;3.14;NaN;NaN
store_56dthm[bl];0;0;0;0;0;True;True;False;False;True;False;False;False;HMDB00079;C00906;93556;27468;NaN;NaN;NaN;NaN
store_56dura[bl];4.125;0.1;8.15;0;0;True;True;False;False;True;True;False;False;HMDB00076;C00429;649;15901;0.02;1.63;NaN;NaN
store_5adtststerone[bl];0.021125;0.00125;0.041;0.0125;0.0415;True;True;False;True;True;True;True;False;HMDB02961;C03917;10635;16330;0.00025;0.0082;0.0025;0.0083
store_5adtststerones[bl];0;0;0;0;0;True;True;False;True;True;True;False;False;HMDB06278;;18665256;NaN;NaN;NaN;NaN;NaN
store_5aop[bl];0;0;0;0;0;True;True;False;False;False;False;False;False;HMDB01149;C00430;137;17549;NaN;NaN;NaN;NaN
store_5htrp[bl];0.09;0.0765;0.1035;0;0;True;True;False;False;True;False;False;False;HMDB00472;C01017;439280;28171;0.0153;0.0207;NaN;NaN
store_5mta[bl];0;0;0;0;0;True;True;True;False;False;False;False;False;HMDB01173;C00170;439176;17509;NaN;NaN;NaN;NaN
store_5oxpro[bl];97.5;79;116;65;805;True;True;True;False;False;False;False;False;HMDB00267;C01879;7405;18183;15.8;23.2;13;161
store_6htststerone[bl];0;0;0;0;0;True;True;False;True;True;True;False;False;HMDB06259;C14497;65543;34477;NaN;NaN;NaN;NaN
store_6pgc[bl];0;0;0;0;0;False;True;False;False;False;False;True;False;HMDB01316;C00345;91493;48928;NaN;NaN;NaN;NaN
store_7dhf[bl];0.03825;0.019;0.0575;0;0;False;True;False;False;False;False;False;False;HMDB06559;;NaN;NaN;0.0038;0.0115;NaN;NaN
store_C02528[bl];4.9;1.6;8.2;4;231.5;True;True;False;True;False;True;False;False;HMDB00518;C02528;10133;16755;0.32;1.64;0.8;46.3
store_C05965[bl];0.009375;0;0.01875;0;0;False;True;False;True;True;False;False;False;HMDB04243;C05965;5280892;15626;0;0.00375;NaN;NaN
store_HC01007[bl];1.055;0.56;1.55;0.07;0.46;True;True;False;True;False;False;False;False;HMDB00791;C02838;439824;18102;0.112;0.31;0.014;0.092
store_HC01111[bl];0;0;0;0;0;False;True;True;False;False;False;False;False;HMDB00645;C00446;439995;17973;NaN;NaN;NaN;NaN
store_HC01610[bl];0.075;0.05;0.1;1.9375;3.1775;False;True;False;False;False;False;False;False;HMDB02158;C05768;440776;28607;0.01;0.02;0.3875;0.6355
store_L2aadp[bl];12.5;0;25;35;40;True;True;False;False;True;False;False;False;HMDB00510;C00956;92136;37023;0;5;7;8
store_Lcystin[bl];425.25;175.5;675;122.5;199;True;True;False;True;True;False;False;False;HMDB00192;C00491;NaN;16283;35.1;135;24.5;39.8
store_Lkynr[bl];9.25;3.5;15;10.94;12.56;True;True;True;False;False;True;False;False;HMDB00684;C00328;161166;16946;0.7;3;2.188;2.512
store_Nacasp[bl];0;0;0;-13.05;182.65;True;True;False;False;True;False;False;False;HMDB00812;C01042;65065;21547;NaN;NaN;-2.61;36.53
store_aact[bl];300;200;400;0;0;True;True;False;False;False;False;False;False;HMDB02134;C01888;215;17906;40;80;NaN;NaN
store_abt[bl];12.5;0;25;160;990;True;True;False;True;False;False;False;False;HMDB01851;C00532;439255;18403;0;5;32;198
store_ac[bl];197.5;110;285;124.5;297.5;True;True;False;True;True;True;False;False;HMDB00042;C00033;176;15366;22;57;24.9;59.5
store_acac[bl];215;0;430;64.5;15250;True;True;False;True;True;True;False;False;HMDB00060;C00164;96;15344;0;86;12.9;3050
store_acald[bl];5;4;6;12;253.5;True;True;False;True;True;True;False;False;HMDB00990;C00084;177;15343;0.8;1.2;2.4;50.7
store_acetone[bl];450;50;850;-300;26425;True;True;False;True;True;True;True;False;HMDB01659;C00207;180;15347;10;170;-60;5285
store_acgam[bl];0;0;0;0;0;True;True;False;False;True;False;False;False;HMDB00215;C00140;439174;506227;NaN;NaN;NaN;NaN
store_ach[bl];0;0;0;0;0;False;False;False;True;True;False;True;True;HMDB00895;C01996;187;15355;NaN;NaN;NaN;NaN
store_acnam[bl];7.5;0;15;0;0;True;True;False;False;True;False;False;False;HMDB00230;C19910;439197;45744;0;3;NaN;NaN
store_acrn[bl];27.4;16.65;38.15;0.455;3.8;True;True;False;True;True;False;False;True;HMDB00201;C02571;NaN;15960;3.33;7.63;0.091;0.76
store_ade[bl];2.475;1;3.95;1;4;True;True;False;True;True;False;False;False;HMDB00034;C00147;190;16708;0.2;0.79;0.2;0.8
store_adn[bl];18.475;0.1;36.85;0.54;0.72;True;True;False;True;False;False;False;False;HMDB00050;C00212;60961;16335;0.02;7.37;0.108;0.144
store_adp[bl];800;730;870;0;0;True;True;False;True;True;False;False;False;HMDB01341;C00008;6022;16761;146;174;NaN;NaN
store_adrn[bl];4.5925;1.735;7.45;0;0;False;True;False;True;True;False;False;False;HMDB02226;C16527;5497181;53487;0.347;1.49;NaN;NaN
store_adrnl[bl];0.0050725;0.001345;0.0088;0.00025;0.024;True;True;False;True;True;True;True;False;HMDB00068;C00788;838;28918;0.000269;0.00176;5e-05;0.0048
store_aflatoxin[bl];0.004675;0;0.00935;0.04;0.07;False;True;False;True;True;False;False;False;HMDB06552;C06800;186907;2504;0;0.00187;0.008;0.014
store_ahcys[bl];0;0;0;0.045;0.125;True;True;False;False;False;True;False;False;HMDB00939;C00021;439155;16680;NaN;NaN;0.009;0.025
store_akg[bl];57.5;0;115;0;0;True;True;False;True;False;False;False;False;HMDB00208;C00026;51;30915;0;23;NaN;NaN
store_ala_B[bl];52.25;4.5;100;0;50;True;True;False;True;True;False;False;False;HMDB00056;C00099;NaN;16958;0.9;20;0;10
store_ala_L[bl];2100;1165;3035;715;3020;True;True;False;True;True;False;False;False;HMDB00161;C00041;5950;16977;233;607;143;604
store_amet[bl];0;0;0;0.435;0.85;True;True;False;False;False;False;False;True;HMDB01185;C00019;34756;15414;NaN;NaN;0.087;0.17
store_ametam[bl];0;0;0;0;0;False;True;False;False;True;False;False;False;HMDB00988;C01137;439415;15625;NaN;NaN;NaN;NaN
store_amp[bl];237.75;15.5;460;0;0;True;True;False;True;True;False;False;False;HMDB00045;C00020;6083;16027;3.1;92;NaN;NaN
store_anth[bl];0.102385;0.00477;0.2;0.35;0.85;True;True;False;False;True;False;False;False;HMDB01123;C00108;227;30754;0.000954;0.04;0.07;0.17
store_antipyrene[bl];0;0;0;0;0;True;True;False;False;True;False;False;False;HMDB15503;C13244;2206;31225;NaN;NaN;NaN;NaN
store_apnnox[bl];0;0;0;0;0;False;False;False;True;True;False;False;False;HMDB03667;C02759;91508;29060;NaN;NaN;NaN;NaN
store_appnn[bl];0;0;0;0;0;False;False;False;True;True;False;False;False;HMDB06525;C09880;82227;36740;NaN;NaN;NaN;NaN
store_aprgstrn[bl];0.31775;0.004;0.6315;0;0;False;True;False;True;True;False;False;False;HMDB03069;C04042;NaN;28453;0.0008;0.1263;NaN;NaN
store_arab_L[bl];12.5;0;25;0;35;True;True;False;True;False;False;False;False;HMDB00646;C00259;NaN;17535;0;5;0;7
store_arach[bl];40.59;1.18;80;0;0;False;True;False;True;True;False;False;False;HMDB02212;C06425;10467;28822;0.236;16;NaN;NaN
store_arachd[bl];158.5;6.5;310.5;27;313;True;True;False;True;True;True;True;True;HMDB01043;C00219;444899;15843;1.3;62.1;5.4;62.6
store_arg_L[bl];660;200;1120;30;1125;True;True;False;True;True;True;True;True;HMDB00517;C00062;6322;16467;40;224;6;225
store_argsuc[bl];0;0;0;0;0;True;True;False;False;True;False;False;False;HMDB00052;C03406;16950;57472;NaN;NaN;NaN;NaN
store_ascb_L[bl];312.5;55;570;-268.5;658.5;True;True;False;True;True;True;True;True;HMDB00044;C00072;NaN;29073;11;114;-53.7;131.7
store_asn_L[bl];265.25;82;448.5;162;379;True;True;False;True;True;False;False;False;HMDB00168;C00152;6267;17196;16.4;89.7;32.4;75.8
store_asp_L[bl];104.5;74;135;18.5;225;True;True;False;True;True;False;False;False;HMDB00191;C00049;5960;17053;14.8;27;3.7;45
store_atp[bl];15175;6100;24250;0;0;False;True;False;True;True;False;True;True;HMDB00538;C00002;5957;15422;1220;4850;NaN;NaN
store_bhb[bl];365;35;695;6500;39500;True;True;False;True;True;False;False;False;HMDB00011;C01089;NaN;17066;7;139;1300;7900
store_bildglcur[bl];0;0;0;0;0;True;True;True;False;False;True;False;False;HMDB03325;C05787;NaN;18392;NaN;NaN;NaN;NaN
store_bilirub[bl];65;25;105;37.9;85.5;True;True;False;True;True;True;False;False;HMDB00054;C00486;NaN;16990;5;21;7.58;17.1
store_btn[bl];0.01175;0.003;0.0205;0;0;True;True;False;True;True;False;False;False;HMDB00030;C00120;171548;15956;0.0006;0.0041;NaN;NaN
store_but[bl];4.5;1.5;7.5;0;0;True;True;False;True;True;False;False;False;HMDB00039;C00246;264;30772;0.3;1.5;NaN;NaN
store_c4crn[bl];1.3;0.5;2.1;0;0.815;True;True;False;True;False;False;False;False;HMDB02013;C02862;439829;7676;0.1;0.42;0;0.163
store_c51crn[bl];0.225;0.15;0.3;0.16;0.18;True;True;False;True;False;False;False;False;HMDB02366;;22833596;NaN;0.03;0.06;0.032;0.036
store_c5dc[bl];0;0;0;0;0;True;True;False;True;False;False;False;False;HMDB13130;;53481622;NaN;NaN;NaN;NaN;NaN
store_c6crn[bl];0;0;0;0;0.02;False;True;False;True;False;False;False;False;HMDB00705;;6426853;70749;NaN;NaN;0;0.004
store_ca2[bl];12100;11250;12950;6775;13250;True;True;False;True;False;False;False;False;HMDB00464;C00076;NaN;29108;2250;2590;1355;2650
store_cala[bl];0;0;0;0;0;True;True;False;False;True;False;False;False;HMDB00026;C02642;NaN;18261;NaN;NaN;NaN;NaN
store_camp[bl];0.0425;0.04;0.045;0.037;0.04;True;True;False;True;True;False;False;False;HMDB00058;C00575;6076;17489;0.008;0.009;0.0074;0.008
store_carn[bl];32.7;27.7;37.7;0;0;True;True;False;False;True;True;False;True;HMDB00033;C00386;439224;15727;5.54;7.54;NaN;NaN
store_cdp[bl];180;120;240;0;0;False;True;False;False;False;False;False;False;HMDB01546;C00112;6132;17239;24;48;NaN;NaN
store_cgly[bl];200.75;50;351.5;10;50;True;True;False;True;True;False;False;False;HMDB00078;C01419;439498;4047;10;70.3;2;10
store_chol[bl];63.75;28.5;99;26;71;True;True;False;True;True;True;False;True;HMDB00097;C00114;305;15354;5.7;19.8;5.2;14.2
store_cholate[bl];3.6;2.4;4.8;6;622.5;True;True;False;True;False;True;False;False;HMDB00619;C00695;221493;16359;0.48;0.96;1.2;124.5
store_cholp[bl];11;6;16;0;0;True;True;True;False;False;True;False;False;HMDB01565;C00588;NaN;18132;1.2;3.2;NaN;NaN
store_chsterol[bl];16750;0;33500;13000;31000;False;True;False;True;True;False;False;False;HMDB00067;C00187;5997;16113;0;6700;2600;6200
store_cit[bl];1075;150;2000;176.5;980;True;True;False;True;True;False;False;False;HMDB00094;C00158;311;30769;30;400;35.3;196
store_citr_L[bl];177.5;125;230;30;225;True;True;False;False;False;True;False;False;HMDB00904;C00327;9750;16349;25;46;6;45
store_clpnd[bl];29.1425;0.785;57.5;0;0;False;True;False;True;False;False;False;False;HMDB06528;C16513;NaN;53488;0.157;11.5;NaN;NaN
store_co[bl];360;235;485;860;2640;False;True;False;True;True;False;False;False;HMDB01361;C00237;281;17245;47;97;172;528
store_coumarin[bl];0;0;0;0;0;False;False;False;True;True;False;False;False;HMDB01218;C05851;323;28794;NaN;NaN;NaN;NaN
store_cpppg3[bl];0;0;0;0;0;False;True;False;False;True;False;False;False;HMDB01261;C03263;321;15439;NaN;NaN;NaN;NaN
store_creat[bl];210.5;42;379;-19.5;357.5;True;True;False;True;True;False;True;True;HMDB00064;C00300;NaN;16919;8.4;75.8;-3.9;71.5
store_crn[bl];252.975;110.95;395;89;328;True;True;False;True;True;True;True;True;HMDB00062;C15025;10917;16347;22.19;79;17.8;65.6
store_crtn[bl];397;250;544;129;2424.5;True;True;False;False;True;True;True;True;HMDB00562;C00791;NaN;16737;50;108.8;25.8;484.9
store_crvnc[bl];350.75;3;698.5;99.5;610;True;True;False;True;True;True;True;True;HMDB02183;C06429;NaN;28125;0.6;139.7;19.9;122
store_cyan[bl];48.5;0;97;0;0;True;True;False;True;True;False;False;False;HMDB02084;C01326;768;17514;0;19.4;NaN;NaN
store_cys_L[bl];588.35;1.7;1175;0.77;80;True;True;False;True;True;True;False;True;HMDB00574;C00097;5862;17561;0.34;235;0.154;16
store_cyst_L[bl];1.815;0.325;3.305;0.7;20.5;True;True;True;False;False;True;False;False;HMDB00099;C02291;439258;17482;0.065;0.661;0.14;4.1
store_cytd[bl];1.25;0.3;2.2;0.65;1.95;True;True;False;True;False;False;False;False;HMDB00089;C00475;6175;17562;0.06;0.44;0.13;0.39
store_dad_2[bl];0;0;0;0;0;True;True;False;True;True;False;False;False;HMDB00101;C00559;13730;17256;NaN;NaN;NaN;NaN
store_dca[bl];55;25;85;0;0;True;True;False;True;False;False;False;False;HMDB00511;;NaN;NaN;5;17;NaN;NaN
store_dctp[bl];145;50;240;0;0;False;True;False;False;True;False;False;False;HMDB00998;C00458;65091;16311;10;48;NaN;NaN
store_dcyt[bl];1.25;0;2.5;0;0;True;True;False;True;False;False;False;False;HMDB00014;C00881;13711;15698;0;0.5;NaN;NaN
store_ddca[bl];94.225;3.45;185;0;0;True;True;False;True;True;True;False;False;HMDB00638;C02679;3893;30805;0.69;37;NaN;NaN
store_debrisoquine[bl];0.745;0.31;1.18;0;0;False;True;False;True;True;False;False;False;HMDB06543;C13650;2966;34665;0.062;0.236;NaN;NaN
store_dgchol[bl];0.3;0.25;0.35;0;0;True;True;False;True;False;False;False;False;HMDB00637;C05466;NaN;36274;0.05;0.07;NaN;NaN
store_dgsn[bl];0;0;0;10;100;True;True;False;True;True;False;False;False;HMDB00085;C00330;187790;17172;NaN;NaN;2;20
store_dhap[bl];78;55.2;100.8;7.7;11.1;False;True;False;False;False;False;False;False;HMDB01473;C00111;668;16108;11.04;20.16;1.54;2.22
store_dhbpt[bl];0.03;0.0285;0.0315;0.297;0.338;False;True;False;False;True;False;False;False;HMDB00038;C02953;1879;64277;0.0057;0.0063;0.0594;0.0676
store_dhdascb[bl];11.6;7.7;15.5;0;0;True;True;False;True;True;False;False;False;HMDB01264;C00425;5780;17242;1.54;3.1;NaN;NaN
store_dhea[bl];0.11375;0.0175;0.21;0;0;True;True;False;True;True;True;True;False;HMDB00077;C01227;5881;28689;0.0035;0.042;NaN;NaN
store_dheas[bl];24;7;41;7.45;55.5;True;True;False;True;True;True;False;False;HMDB01032;C04555;NaN;16814;1.4;8.2;1.49;11.1
store_dhf[bl];0.025;0.02;0.03;0;0;False;True;False;True;False;True;False;False;HMDB01056;C00415;98792;15633;0.004;0.006;NaN;NaN
store_din[bl];0;0;0;0;0;True;True;False;True;True;False;False;False;HMDB00071;C05512;65058;28997;NaN;NaN;NaN;NaN
store_dlnlcg[bl];41.5125;0;83.025;0;0;False;True;False;True;True;False;True;False;HMDB02925;C03242;3011;53486;0;16.605;NaN;NaN
store_dmantipyrine[bl];0;0;0;0;0;False;False;False;True;True;False;False;False;HMDB06240;C13008;NaN;31530;NaN;NaN;NaN;NaN
store_dmgly[bl];12;5.5;18.5;15.5;50.5;True;True;False;False;True;True;False;False;HMDB00092;C01026;673;17724;1.1;3.7;3.1;10.1
store_doco13ac[bl];7.135;0;14.27;625;800;False;True;False;True;False;False;False;False;HMDB02068;C08316;5281116;28792;0;2.854;125;160
store_dopa[bl];0;0;0;0;0;True;True;False;True;True;False;True;True;HMDB00073;C03758;681;18243;NaN;NaN;NaN;NaN
store_dopasf[bl];0.1325;0.0775;0.1875;0;0;True;True;False;True;True;True;False;False;HMDB06275;C13690;122136;37946;0.0155;0.0375;NaN;NaN
store_dudp[bl];2.5;2;3;0;0;False;True;False;False;True;False;False;False;HMDB01000;C01346;145729;28850;0.4;0.6;NaN;NaN
store_duri[bl];3;0;6;0;0;True;True;False;True;False;False;False;False;HMDB00012;C00526;13712;16450;0;1.2;NaN;NaN
store_eaflatoxin[bl];0;0;0;0;0;False;False;False;True;True;False;False;False;HMDB06558;C19586;104756;30725;NaN;NaN;NaN;NaN
store_eicostet[bl];0.035;0;0.07;0;0;False;True;False;True;False;False;False;False;HMDB02177;;11722594;71488;0;0.014;NaN;NaN
store_elaid[bl];425.7;211;640.4;0;0;False;True;False;True;True;False;True;False;HMDB00573;C00712;445639;16196;42.2;128.08;NaN;NaN
store_estradiol[bl];0.0005625;0;0.001125;0.000185;0.0075;True;True;False;True;True;True;True;False;HMDB00151;C00951;5757;16469;0;0.000225;3.7e-05;0.0015
store_estrone[bl];0.00075;0;0.0015;0.00055;0.0037;True;True;False;True;True;True;False;False;HMDB00145;C00468;5870;17263;0;0.0003;0.00011;0.00074
store_estrones[bl];0.014875;0.002;0.02775;0.007;0.015;True;True;False;True;True;True;False;False;HMDB01425;C02538;3001028;17474;0.0004;0.00555;0.0014;0.003
store_etha[bl];28.75;0;57.5;0;0;True;True;False;False;True;False;False;False;HMDB00149;C00189;700;16000;0;11.5;NaN;NaN
store_ethamp[bl];20;10;30;0;0;True;True;False;False;True;False;False;False;HMDB00224;C00346;1015;17553;2;6;NaN;NaN
store_etoh[bl];200;0;400;50;370315;True;True;False;True;True;True;True;True;HMDB00108;C00469;702;16236;0;80;10;74063
store_f6p[bl];51;42;60;0;0;False;True;True;False;False;False;False;False;HMDB00124;C00085;69507;15946;8.4;12;NaN;NaN
store_fad[bl];0.3525;0.22;0.485;0;0;False;True;False;False;True;True;False;False;HMDB01248;C00016;643975;16238;0.044;0.097;NaN;NaN
store_fald[bl];81.5;66.5;96.5;0;0;True;True;False;False;True;True;True;True;HMDB01426;C00067;712;16842;13.3;19.3;NaN;NaN
store_fdp[bl];6;4;8;0;0;False;True;True;False;False;False;False;False;HMDB01058;C00354;172313;37736;0.8;1.6;NaN;NaN
store_fmn[bl];0.04125;0.0175;0.065;0;0;False;True;True;False;False;False;False;False;HMDB01520;C00061;643976;17621;0.0035;0.013;NaN;NaN
store_fol[bl];0.2135;0.012;0.415;0;0.14;True;True;False;True;False;True;False;False;HMDB00121;C00504;6037;27470;0.0024;0.083;0;0.028
store_for[bl];899;76.5;1721.5;65;85500;True;True;False;True;True;True;False;False;HMDB00142;C00058;284;30751;15.3;344.3;13;17100
store_frdp[bl];0.0425;0;0.085;0;0;False;True;False;True;True;False;False;False;HMDB00961;C00448;445713;50277;0;0.017;NaN;NaN
store_fru[bl];230;140;320;41;79;True;True;False;True;False;True;False;False;HMDB00660;C02336;439709;28645;28;64;8.2;15.8
store_fuc_L[bl];0;0;0;0;150;True;True;False;True;True;True;False;False;HMDB00174;C01019;17106;2181;NaN;NaN;0;30
store_fum[bl];10;0;20;0;20;True;True;False;True;False;False;False;False;HMDB00134;C00122;444972;18012;0;4;0;4
store_g3p[bl];24;16;32;0;0;False;True;True;False;False;False;False;False;HMDB01112;C00661;729;17138;3.2;6.4;NaN;NaN
store_g3pc[bl];165;145;185;0;0;False;True;False;True;True;False;False;False;HMDB00086;C00670;439285;16870;29;37;NaN;NaN
store_g6p[bl];145.5;111.5;179.5;0;0;True;True;False;False;False;True;True;True;HMDB01401;C00092;5958;4170;22.3;35.9;NaN;NaN
store_gal1p[bl];0;0;0;0;0;False;True;True;False;False;False;False;False;HMDB00645;C00446;123912;17973;NaN;NaN;NaN;NaN
store_gal[bl];375;135;615;0;0;True;True;False;True;False;True;False;False;HMDB00143;C00984;439357;28061;27;123;NaN;NaN
store_gam[bl];1.5;0;3;0;0;True;True;False;True;True;False;False;False;HMDB01514;C00329;439213;47977;0;0.6;NaN;NaN
store_gchola[bl];0.3;0.1;0.5;2.85;733.5;True;True;False;True;False;True;False;False;HMDB00138;C01921;10140;17687;0.02;0.1;0.57;146.7
store_gdp[bl];90;50;130;0;0;False;True;False;True;True;False;False;False;HMDB01201;C00035;8977;17552;10;26;NaN;NaN
store_glc_D[bl];23500;16500;30500;12350.5;34000;True;True;False;True;False;True;True;False;HMDB00122;C00031;5793;4167;3300;6100;2470.1;6800
store_glcur[bl];825;665;985;0;0;True;True;False;False;True;True;False;False;HMDB00127;C00191;444791;47952;133;197;NaN;NaN
store_gln_L[bl];2768;1961;3575;1312.5;3845;True;True;False;True;False;False;True;True;HMDB00641;C00064;5961;18050;392.2;715;262.5;769
store_glu_L[bl];400;45;755;43.5;890;True;True;False;True;False;False;True;True;HMDB00148;C00025;33032;16015;9;151;8.7;178
store_glucys[bl];86;7;165;9.75;10.95;True;True;True;False;False;False;False;False;HMDB01049;C00669;123938;17515;1.4;33;1.95;2.19
store_glx[bl];32.575;1.25;63.9;0;0;True;True;False;False;False;False;False;False;HMDB00119;C00048;760;16891;0.25;12.78;NaN;NaN
store_gly[bl];1518;775;2261;269;3700;True;True;False;True;False;False;False;False;HMDB00123;C00037;750;15428;155;452.2;53.8;740
store_glyald[bl];7380;4105;10655;0;0;True;True;True;False;False;False;False;False;HMDB01051;C02154;79014;17378;821;2131;NaN;NaN
store_glyb[bl];410;100;720;114;307;True;True;False;True;True;True;True;True;HMDB00043;C00719;247;17750;20;144;22.8;61.4
store_glyc3p[bl];150;135;165;0;0;True;True;False;False;True;False;False;False;HMDB00126;C00093;439162;15978;27;33;NaN;NaN
store_glyc[bl];1400;140;2660;50;1350;True;True;False;True;False;True;True;True;HMDB00131;C00116;753;17754;28;532;10;270
store_glyc_R[bl];60;0;120;0;0;True;True;True;False;False;False;False;False;HMDB00139;C00258;439194;32398;0;24;NaN;NaN
store_glyc_S[bl];12.5;0;25;0;25;True;True;False;True;True;False;False;False;HMDB06372;;6326776;33871;0;5;0;5
store_glyclt[bl];39.5;27.5;51.5;-14;280;True;True;False;False;False;True;False;False;HMDB00115;C00160;757;17497;5.5;10.3;-2.8;56
store_gmp[bl];0.04925;0.037;0.0615;0;0;False;True;False;True;False;False;False;False;HMDB01397;C00144;6804;17345;0.0074;0.0123;NaN;NaN
store_gsn[bl];4;1.5;6.5;0;0;True;True;False;True;False;False;False;False;HMDB00133;C00387;6802;16750;0.3;1.3;NaN;NaN
store_gthox[bl];111.95;0;223.9;7.85;255.65;False;True;False;True;False;True;False;False;HMDB03337;C00127;65359;17858;0;44.78;1.57;51.13
store_gthrd[bl];2514.1475;17.145;5011.15;14.405;3774.5;True;True;False;True;True;False;False;False;HMDB00125;C00051;124886;16856;3.429;1002.23;2.881;754.9
store_gtp[bl];280;245;315;0;0;False;True;False;True;True;False;False;False;HMDB01273;C00044;6830;15996;49;63;NaN;NaN
store_gudac[bl];92.5;0;185;7.9;15.5;True;True;True;False;False;True;False;False;HMDB00128;C00581;763;16344;0;37;1.58;3.1
store_h2o2[bl];52.5;34.5;70.5;90.5;278.5;False;True;False;False;False;False;False;False;HMDB03125;C00027;784;16240;6.9;14.1;18.1;55.7
store_hLkynr[bl];0;0;0;0;0;True;True;False;False;False;False;False;False;HMDB11631;C03227;11811;17380;NaN;NaN;NaN;NaN
store_hcoumarin[bl];0;0;0;0;0;True;True;False;True;True;False;False;False;HMDB29865;C09315;5281426;27510;NaN;NaN;NaN;NaN
store_hcys_L[bl];55.8;30.6;81;24;421.65;True;True;True;False;False;True;True;False;HMDB00742;C05330;91552;17588;6.12;16.2;4.8;84.33
store_hdca[bl];480.75;111.5;850;0;0;True;True;False;True;True;False;True;True;HMDB00220;C00249;985;15756;22.3;170;NaN;NaN
store_hdcea[bl];216.75;8.5;425;0;0;True;True;False;True;False;False;True;True;HMDB03229;C08362;445638;28716;1.7;85;NaN;NaN
store_hdcecrn[bl];0.565;0.535;0.595;0.455;11.165;True;True;False;True;True;False;False;False;HMDB00222;C02990;11953816;17490;0.107;0.119;0.091;2.233
store_hdd2crn[bl];0;0;0;3.55;14.555;False;True;False;True;True;False;False;False;HMDB06317;;53477817;NaN;NaN;NaN;0.71;2.911
store_hexc[bl];3.46;0.52;6.4;12.1;32.15;False;True;False;True;True;False;False;False;HMDB02356;;10469;31009;0.104;1.28;2.42;6.43
store_hgentis[bl];0.2125;0.07;0.355;165;190;True;True;False;False;True;False;False;False;HMDB00130;C00544;780;44747;0.014;0.071;33;38
store_his_L[bl];598.5;345;852;143;600;True;True;False;True;True;False;False;False;HMDB00177;C00135;6274;15971;69;170.4;28.6;120
store_hista[bl];0.006275;0.00155;0.011;0.0045;0.14;True;True;False;True;False;False;True;False;HMDB00870;C00388;774;18295;0.00031;0.0022;0.0009;0.028
store_hom_L[bl];70.75;56.5;85;0;0;True;True;False;True;False;False;False;False;HMDB00719;C00263;12647;15699;11.3;17;NaN;NaN
store_hpdca[bl];9.45;4.85;14.05;0;0;False;True;False;True;True;False;True;True;HMDB02259;;10465;32365;0.97;2.81;NaN;NaN
store_hpyr[bl];0;0;0;0;0;True;True;False;False;False;False;False;False;HMDB01352;C00168;964;30841;NaN;NaN;NaN;NaN
store_hxan[bl];111.5;0.5;222.5;19;261.5;True;True;False;True;True;True;True;True;HMDB00157;C00262;790;17368;0.1;44.5;3.8;52.3
store_hyptaur[bl];0;0;0;0;0;True;True;True;False;False;False;False;False;HMDB00965;C00519;107812;16668;NaN;NaN;NaN;NaN
store_icit[bl];25;0;50;0;0;True;True;False;False;True;False;False;False;HMDB00193;C00311;1198;30887;0;10;NaN;NaN
store_idour[bl];0;0;0;0;0;True;True;False;False;False;False;False;False;HMDB02704;C06472;18845;28481;NaN;NaN;NaN;NaN
store_ile_L[bl];360.25;210.5;510;115.5;855;True;True;False;True;True;False;False;False;HMDB00172;C00407;6306;17191;42.1;102;23.1;171
store_imp[bl];315;110;520;0;0;False;True;False;True;True;False;False;False;HMDB00175;C00130;8582;17202;22;104;NaN;NaN
store_inost[bl];160;75;245;115;120;True;True;False;True;False;False;False;False;HMDB00211;C00137;892;17268;15;49;23;24
store_ins[bl];14.6;0.2;29;0.1;150;True;True;False;True;True;True;False;False;HMDB00195;C00294;6021;17596;0.04;5.8;0.02;30
store_ivcrn[bl];0.69;0.64;0.74;0.11;0.605;False;True;False;True;False;False;False;False;HMDB00688;;6426851;NaN;0.128;0.148;0.022;0.121
store_lac_D[bl];47.4475;33.895;61;58.4;106.5;True;True;False;True;False;True;False;True;HMDB01311;C00256;61503;42111;6.779;12.2;11.68;21.3
store_lac_L[bl];21000;0;42000;-4000;39000;True;True;False;True;True;False;False;False;HMDB00190;C00186;107689;422;0;8400;-800;7800
store_lcts[bl];0;0;0;0;0;True;True;False;True;True;False;False;False;HMDB00186;C00243;440995;17716;NaN;NaN;NaN;NaN
store_leu_L[bl];858;436;1280;202.5;1415;True;True;False;True;False;False;True;True;HMDB00687;C00123;6106;15603;87.2;256;40.5;283
store_leuktrA4[bl];0;0;0;0;0;False;False;False;True;True;False;False;False;HMDB01337;C00909;5280383;15651;NaN;NaN;NaN;NaN
store_leuktrB4[bl];0.00148;2e-05;0.00294;0;0;True;True;False;True;True;False;False;False;HMDB01085;C02165;5280492;15647;4e-06;0.000588;NaN;NaN
store_leuktrC4[bl];0.0034575;0.00012;0.006795;0.000875;0.001525;False;True;False;True;False;False;False;False;HMDB01198;C02166;5280493;16978;2.4e-05;0.001359;0.000175;0.000305
store_leuktrD4[bl];0.00021;0.00019;0.00023;0;0;False;True;False;False;True;False;False;False;HMDB03080;C05951;6435286;28666;3.8e-05;4.6e-05;NaN;NaN
store_leuktrE4[bl];0.0015;0;0.003;0.0004;0.0009;True;True;False;True;True;False;False;False;HMDB02200;C05952;440857;15650;0;0.0006;8e-05;0.00018
store_lgnc[bl];3.43;1.24;5.62;0;0;False;True;False;True;True;False;False;False;HMDB02003;C08320;11197;28866;0.248;1.124;NaN;NaN
store_limnen[bl];6.05;0.1;12;0;0;True;True;False;True;True;False;False;False;HMDB03375;C00521;439250;15383;0.02;2.4;NaN;NaN
store_lneldc[bl];0;0;0;0;0;False;True;False;True;True;False;False;False;HMDB06270;;5282457;NaN;NaN;NaN;NaN;NaN
store_lnlc[bl];951.005;52.01;1850;99.05;7563;True;True;False;True;True;False;True;False;HMDB00673;C01595;5280450;17351;10.402;370;19.81;1512.6
store_lnlccrn[bl];0.3;0.15;0.45;0;0;True;True;False;True;True;False;False;False;HMDB06469;;6450015;NaN;0.03;0.09;NaN;NaN
store_lnlnca[bl];66.2775;0.555;132;65;144.5;True;True;False;True;True;False;True;False;HMDB01388;C06427;5280934;27432;0.111;26.4;13;28.9
store_lnlncg[bl];6.45;0;12.9;0;0;False;True;False;True;True;False;True;False;HMDB03073;C06426;5280933;28661;0;2.58;NaN;NaN
store_lys_L[bl];1443.5;602;2285;364.5;1175;True;True;False;True;True;False;False;False;HMDB00182;C00047;5962;18019;120.4;457;72.9;235
store_mal_L[bl];52.5;0;105;0;0;True;True;False;False;True;False;False;False;HMDB00156;C00149;222656;30797;0;21;NaN;NaN
store_man[bl];270;160;380;0;0;True;True;False;True;True;False;False;False;HMDB00169;C00159;18950;4208;32;76;NaN;NaN
store_meoh[bl];2421.75;160;4683.5;131.5;27785;True;True;False;True;False;True;False;True;HMDB01875;C00132;887;17790;32;936.7;26.3;5557
store_mercplaccys[bl];0;0;0;0;0;False;False;False;True;True;False;False;False;HMDB06512;;193536;NaN;NaN;NaN;NaN;NaN
store_met_L[bl];151;90;212;39;2110;True;True;False;True;False;True;False;False;HMDB00696;C00073;6137;16643;18;42.4;7.8;422
store_mev_R[bl];0.195;0.11;0.28;0.05;0.07;True;True;False;False;False;True;False;False;HMDB00227;C00418;439230;17710;0.022;0.056;0.01;0.014
store_mhista[bl];0.0017;0.00105;0.00235;0.00275;0.005;True;True;False;False;True;False;False;False;HMDB00898;C05127;3614;29009;0.00021;0.00047;0.00055;0.001
store_mlthf[bl];0.525;0;1.05;0;0;False;True;False;False;False;False;False;False;HMDB01533;C00143;439175;15636;0;0.21;NaN;NaN
store_mma[bl];10.925;1.85;20;77.3;109.5;True;True;False;False;True;False;False;False;HMDB00164;C00218;6329;16830;0.37;4;15.46;21.9
store_mthgxl[bl];468.6;2.2;935;12;18;True;True;False;True;False;True;False;False;HMDB01167;C00546;880;17158;0.44;187;2.4;3.6
store_nac[bl];253.425;215.85;291;0;0;True;True;False;True;True;True;True;True;HMDB01488;C00253;938;15940;43.17;58.2;NaN;NaN
store_nad[bl];121.5;115;128;125;165;False;True;False;True;False;True;False;True;HMDB00902;C00003;5893;15846;23;25.6;25;33
store_nadh[bl];135;70;200;0;0;False;True;False;False;False;False;False;False;HMDB01487;C00004;439153;16908;14;40;NaN;NaN
store_nadph[bl];287.5;170;405;0;0;False;True;True;False;False;False;False;False;HMDB00221;C00005;22833512;57783;34;81;NaN;NaN
store_ncam[bl];1.1635;0.1;2.227;0.25;2.65;True;True;False;True;False;False;False;False;HMDB01406;C00153;936;17154;0.02;0.4454;0.05;0.53
store_nh4[bl];200;0;400;125;400;True;True;False;False;True;False;False;False;HMDB00051;C00014;223;28938;0;80;25;80
store_nmn[bl];0;0;0;0;0;True;True;False;False;True;False;False;False;HMDB00229;C00455;14180;16171;NaN;NaN;NaN;NaN
store_nrpphr[bl];0.029;0.003;0.055;-0.09;0.13;True;True;False;True;False;False;True;True;HMDB00216;C00547;439260;18357;0.0006;0.011;-0.018;0.026
store_nrvnc[bl];4.685;0;9.37;0;0;False;True;False;True;True;False;False;False;HMDB02368;C08323;5281120;44247;0;1.874;NaN;NaN
store_o2s[bl];0;0;0;0;0;False;False;False;True;True;False;False;False;HMDB02168;C00704;5359597;18421;NaN;NaN;NaN;NaN
store_ocdca[bl];1230.1625;110.325;2350;0;0;True;True;False;True;True;False;True;False;HMDB00827;C01530;3033836;28842;22.065;470;NaN;NaN
store_ocdcea[bl];519.8225;149.645;890;44.45;57.75;True;True;False;True;False;True;True;True;HMDB00207;C00712;5460221;30823;29.929;178;8.89;11.55
store_octa[bl];47.5;0;95;0;0;True;True;False;True;True;False;False;False;HMDB00482;C06423;379;28837;0;19;NaN;NaN
store_omeprazole[bl];18.135;0.07;36.2;0;0;False;True;False;True;True;False;False;False;HMDB01913;C07324;4594;7772;0.014;7.24;NaN;NaN
store_orn[bl];442.5;180;705;125;479;True;True;False;True;False;True;False;False;HMDB00214;C00077;6262;15729;36;141;25;95.8
store_orot[bl];14.15;1.3;27;0.8;8.6;True;True;True;False;False;True;False;False;HMDB00226;C00295;967;16742;0.26;5.4;0.16;1.72
store_oxa[bl];61.05;11.1;111;32;350.5;True;True;False;True;False;True;False;False;HMDB02329;C00209;971;16995;2.22;22.2;6.4;70.1
store_pac[bl];364.6175;206.87;522.365;15780.65;19100;True;True;False;False;False;False;False;False;HMDB00209;C07086;999;30745;41.374;104.473;3156.13;3820
store_pcrn[bl];1.55;0.8;2.3;1.165;1.305;True;True;False;True;True;False;False;False;HMDB00824;C03017;107738;28867;0.16;0.46;0.233;0.261
store_pdx5p[bl];0;0;0;0;0.05;False;True;True;False;False;False;False;False;HMDB01319;C00627;1055;28803;NaN;NaN;0;0.01
store_peamn[bl];0;0;0;0;0;True;True;False;False;False;False;False;False;HMDB12275;C05332;1001;18397;NaN;NaN;NaN;NaN
store_pep[bl];87;68;106;0;0;False;True;False;False;True;False;False;False;HMDB00263;C00074;1005;44897;13.6;21.2;NaN;NaN
store_perillyl[bl];0;0;0;0.115;0.16;False;True;False;True;True;False;False;False;HMDB03634;C02452;10819;15420;NaN;NaN;0.023;0.032
store_phe_L[bl];540;235;845;119;1010;True;True;False;True;True;False;False;False;HMDB00159;C00079;6140;17295;47;169;23.8;202
store_pheacgln[bl];16.7;15.15;18.25;0;0;True;True;False;True;True;False;False;False;HMDB06344;C04148;92258;17884;3.03;3.65;NaN;NaN
store_pheme[bl];0;0;0;0;0;False;False;False;True;True;False;False;False;HMDB03178;C00032;NaN;17627;NaN;NaN;NaN;NaN
store_phyt[bl];24;0;48;137.5;5635;False;True;False;True;True;True;False;False;HMDB00801;C01607;26840;16285;0;9.6;27.5;1127
store_pmtcrn[bl];0.565;0.535;0.595;0.455;11.165;True;True;False;True;True;False;False;False;HMDB00222;C02990;11953816;17490;0.107;0.119;0.091;2.233
store_pnto_R[bl];18.025;9.6;26.45;0;0;True;True;False;True;False;True;False;False;HMDB00210;C00864;988;7916;1.92;5.29;NaN;NaN
store_ppa[bl];5.25;0;10.5;0;0;True;True;False;True;True;False;True;False;HMDB00237;C00163;1032;30768;0;2.1;NaN;NaN
store_ppbng[bl];0.3;0;0.6;10.5;20.5;True;True;True;False;False;True;False;False;HMDB00245;C00931;1021;17381;0;0.12;2.1;4.1
store_ppi[bl];9;3.2;14.8;0;0;True;True;False;False;True;False;False;True;HMDB00250;C00013;1023;29888;0.64;2.96;NaN;NaN
store_prgnlone[bl];0.188575;0.00015;0.377;0.00055;0.453;False;True;False;True;True;False;False;False;HMDB00253;C01953;8955;16581;3e-05;0.0754;0.00011;0.0906
store_prgnlones[bl];0.65;0.35;0.95;0;0;True;True;False;True;True;True;False;False;HMDB00774;C18044;20845972;35420;0.07;0.19;NaN;NaN
store_prgstrn[bl];0.2225;0;0.445;0.0015;4.055;False;True;False;True;True;False;True;False;HMDB01830;C00410;5994;17026;0;0.089;0.0003;0.811
store_prist[bl];0;0;0;0;0;False;True;False;True;True;False;False;False;HMDB00795;;123929;51340;NaN;NaN;NaN;NaN
store_pro_L[bl];1042.5;540;1545;257.5;1752.5;True;True;False;True;True;False;False;False;HMDB00162;C00148;145742;17203;108;309;51.5;350.5
store_prostgd2[bl];0.0016525;0;0.003305;0;0;False;True;False;True;True;True;True;False;HMDB01403;C00696;448457;15555;0;0.000661;NaN;NaN
store_prostge2[bl];0.012625;0;0.02525;0;0;True;True;False;True;True;False;False;False;HMDB01220;C00584;5280360;15551;0;0.00505;NaN;NaN
store_prostgf2[bl];0.00139;0.000205;0.002575;0.002;0.01;True;True;False;True;True;False;True;False;HMDB01139;C00639;11081;15553;4.1e-05;0.000515;0.0004;0.002
store_prpp[bl];24.5;14;35;0;0;False;True;False;False;True;False;False;False;HMDB00280;C00119;7339;17111;2.8;7;NaN;NaN
store_ps_hs[bl];0;0;0;0;0;True;True;False;True;True;False;False;False;HMDB14291;;NaN;18303;NaN;NaN;NaN;NaN
store_pser_L[bl];85;70;100;0;0;True;True;True;False;False;False;False;False;HMDB00272;C01005;68841;15811;14;20;NaN;NaN
store_ptdca[bl];9.08;2.15;16.01;0;0;False;True;False;True;True;False;True;False;HMDB00826;C16537;13849;42504;0.43;3.202;NaN;NaN
store_ptrc[bl];0.785;0.1;1.47;0.1;1;True;True;False;False;False;True;False;False;HMDB01414;C00134;1045;17148;0.02;0.294;0.02;0.2
store_pyam5p[bl];0.051975;0.00395;0.1;0;0;False;True;False;False;False;False;False;False;HMDB01555;C00647;1053;18335;0.00079;0.02;NaN;NaN
store_pydam[bl];0.82;0.63;1.01;0;0;False;True;False;True;False;False;False;False;HMDB01431;C00534;1052;16410;0.126;0.202;NaN;NaN
store_pydx5p[bl];3.15995;0.0199;6.3;0.095;0.155;False;True;False;False;False;True;False;False;HMDB01491;C00018;1051;18405;0.00398;1.26;0.019;0.031
store_pydx[bl];1.255;1;1.51;0.025;0.335;False;True;False;True;True;False;False;False;HMDB01545;C00250;1050;17310;0.2;0.302;0.005;0.067
store_pydxn[bl];0.1675;0.035;0.3;0.405;0.785;True;True;False;True;False;True;False;False;HMDB00239;C00314;1054;16709;0.007;0.06;0.081;0.157
store_pyr[bl];668.25;46.5;1290;51;800;True;True;False;True;False;True;True;True;HMDB00243;C00022;1060;32816;9.3;258;10.2;160
store_q10[bl];11.89;0.13;23.65;0;0;False;True;False;True;True;True;False;True;HMDB01072;C11378;5281915;46245;0.026;4.73;NaN;NaN
store_r5p[bl];7.9;1.35;14.45;3;5.2;False;True;False;False;False;False;False;False;HMDB00618;C03736;440101;18189;0.27;2.89;0.6;1.04
store_retinal[bl];0.9675;0;1.935;0;0;False;True;False;True;True;False;False;False;HMDB01358;C00376;638015;15035;0;0.387;NaN;NaN
store_retinal_cis_9[bl];0.9675;0;1.935;0;0;False;True;False;True;True;False;False;False;HMDB01358;C00376;638015;17898;0;0.387;NaN;NaN
store_retinol[bl];11.75;6;17.5;6;16.8;False;True;False;True;True;True;True;False;HMDB00305;C00473;445354;50211;1.2;3.5;1.2;3.36
store_retn[bl];0.96325;0.0265;1.9;0;0;False;True;False;True;True;True;True;False;HMDB01852;C00777;444795;15367;0.0053;0.38;NaN;NaN
store_ribflv[bl];3.2635;0.027;6.5;0;0;True;True;False;True;False;True;False;False;HMDB00244;C00255;493570;17015;0.0054;1.3;NaN;NaN
store_ru5p_D[bl];7.9;1.35;14.45;3;5.2;False;True;False;False;False;False;False;False;HMDB00618;C00199;439184;17363;0.27;2.89;0.6;1.04
store_s7p[bl];4.45;2.4;6.5;21.75;30.15;False;True;True;False;False;False;False;False;HMDB01068;C05382;22833559;15721;0.48;1.3;4.35;6.03
store_sarcs[bl];0;0;0;0;3125;True;True;False;True;False;False;False;True;HMDB00271;C00213;1088;15611;NaN;NaN;0;625
store_sbt_D[bl];61.8;3.6;120;0;0;True;True;False;True;False;True;True;False;HMDB00247;C00794;5780;17924;0.72;24;NaN;NaN
store_sebacid[bl];0;0;0;0;0;True;True;False;False;False;False;False;False;HMDB00792;C08277;5192;41865;NaN;NaN;NaN;NaN
store_ser_L[bl];731.75;253.5;1210;505;1221.5;True;True;False;True;True;False;False;False;HMDB00187;C00065;5951;17115;50.7;242;101;244.3
store_so4[bl];1980.5;1061;2900;0;0;True;True;False;True;True;False;False;False;HMDB01448;C00059;1118;16189;212.2;580;NaN;NaN
store_sph1p[bl];0.31125;0.0625;0.56;0;0;False;True;False;True;True;False;False;False;HMDB01383;C01120;644260;16893;0.0125;0.112;NaN;NaN
store_sphgn[bl];0.055;0.05335;0.05665;0;0;True;True;False;True;True;True;False;False;HMDB00269;C00836;91486;16566;0.01067;0.01133;NaN;NaN
store_sphings[bl];0.25;0.2435;0.2565;0;0;True;True;False;True;True;True;False;False;HMDB00252;C00319;31270;46964;0.0487;0.0513;NaN;NaN
store_sphs1p[bl];1.2625;0.215;2.31;0;0;False;True;False;True;True;False;False;False;HMDB00277;C06124;5353956;37550;0.043;0.462;NaN;NaN
store_spmd[bl];35.275;0.15;70.4;0.08;0.61;True;True;False;False;True;True;False;False;HMDB01257;C00315;1102;16610;0.03;14.08;0.016;0.122
store_srtn[bl];4.275;2.3;6.25;2.57;3.53;True;True;False;True;True;False;True;False;HMDB00259;C00780;5202;28790;0.46;1.25;0.514;0.706
store_stcrn[bl];0.285;0.15;0.42;0.36;0.4;False;True;False;True;True;False;False;False;HMDB00848;;6426855;NaN;0.03;0.084;0.072;0.08
store_strdnc[bl];2.04;0.04;4.04;0;0;False;True;False;True;False;False;False;False;HMDB06547;C16300;163841;32389;0.008;0.808;NaN;NaN
store_succ[bl];80;0;160;0;0;True;True;False;True;False;True;True;True;HMDB00254;C00042;1110;15741;0;32;NaN;NaN
store_tag_hs[bl];2475;0;4950;0;0;False;True;False;False;False;False;False;False;;;NaN;17855;0;0;0;0
store_taur[bl];630;150;1110;235;620;True;True;False;True;False;True;False;True;HMDB00251;C00245;1123;15891;30;222;47;124
store_taxol[bl];0;0;0;0;0;True;True;False;True;True;False;False;False;HMDB15360;C07394;36314;45863;NaN;NaN;NaN;NaN
store_tchola[bl];1.9;0.9;2.9;0;0;True;True;False;True;False;True;False;False;HMDB00036;;440567;28865;0.18;0.58;NaN;NaN
store_tcynt[bl];219.5;9.5;429.5;145.45;174.75;True;True;False;True;True;False;False;False;HMDB01453;C01755;781;29200;1.9;85.9;29.09;34.95
store_tdchola[bl];1.5;1.1;1.9;0;0;True;True;False;True;False;False;False;False;HMDB00951;C05465;387316;16525;0.22;0.38;NaN;NaN
store_tetpent3[bl];0;0;0;0;0;False;False;False;True;True;False;False;False;HMDB06323;;52921801;NaN;NaN;NaN;NaN;NaN
store_tetpent6[bl];0;0;0;0;0;False;False;False;True;True;False;False;False;HMDB06322;;14505435;NaN;NaN;NaN;NaN;NaN
store_tettet6[bl];0;0;0;0;0;False;False;False;True;True;False;False;False;HMDB06246;;152972;NaN;NaN;NaN;NaN;NaN
store_thbpt[bl];0.0465;0.044;0.049;0;74.5;False;True;False;False;False;False;False;False;HMDB00027;C00272;1125;15372;0.0088;0.0098;0;14.9
store_thcholstoic[bl];0;0;0;3.8;3.8;False;True;False;True;False;False;False;False;HMDB03873;C04722;23657849;48043;NaN;NaN;0.76;0.76
store_thf[bl];0.01725;0;0.0345;0;0;True;True;False;True;False;True;False;False;HMDB01846;C00101;91443;20506;0;0.0069;NaN;NaN
store_thr_L[bl];869.25;388.5;1350;178;1185;True;True;False;True;True;False;False;False;HMDB00167;C00188;6288;16857;77.7;270;35.6;237
store_thym[bl];0;0;0;6200;7700;True;True;False;True;False;False;False;False;HMDB00262;C00178;1135;17821;NaN;NaN;1240;1540
store_thymd[bl];1.05;0.4;1.7;1.1;2;True;True;False;True;False;False;True;True;HMDB00273;C00214;5789;17748;0.08;0.34;0.22;0.4
store_thyox_L[bl];0.000176;3.2e-05;0.00032;6.65e-05;0.0001185;True;True;False;True;True;False;True;True;HMDB00248;C01829;5819;18332;6.4e-06;6.4e-05;1.33e-05;2.37e-05
store_tmndnc[bl];7725.8325;1.665;15450;17;97.5;True;True;False;True;False;True;True;True;HMDB01999;C06428;3209;28364;0.333;3090;3.4;19.5
store_tolbutamide[bl];0;0;0;0;0;True;True;False;False;False;False;False;False;HMDB15256;C07148;5505;27999;NaN;NaN;NaN;NaN
store_triodthy[bl];0;0;0;0;0;True;True;False;True;True;False;True;True;HMDB00265;C02465;5920;18258;NaN;NaN;NaN;NaN
store_triodthysuf[bl];0;0;0;0;0;True;True;False;True;True;True;False;False;HMDB03036;;122196;35432;NaN;NaN;NaN;NaN
store_trp_L[bl];324.75;180;469.5;120.35;546.5;True;True;False;True;False;False;False;False;HMDB00929;C00078;6305;16828;36;93.9;24.07;109.3
store_tststerone[bl];0.073575;0.00415;0.143;16.55;99.75;True;True;False;True;True;False;False;False;HMDB00234;C00535;6013;17347;0.00083;0.0286;3.31;19.95
store_tststerones[bl];0;0;0;0;0;True;True;False;True;True;True;False;False;HMDB02833;;119207;NaN;NaN;NaN;NaN;NaN
store_tsul[bl];276.5275;0;553.055;550;1150;True;True;False;True;False;False;False;False;HMDB00257;C05529;1084;16094;0;110.611;110;230
store_ttdca[bl];178;6;350;0;0;True;True;False;True;True;False;True;False;HMDB00806;C06424;11005;28875;1.2;70;NaN;NaN
store_ttdcrn[bl];0.2;0.15;0.25;2.39;4.915;True;True;False;True;False;False;False;False;HMDB05066;;53477791;NaN;0.03;0.05;0.478;0.983
store_tym[bl];0.0293;0.0006;0.058;0.0041;0.0129;True;True;False;False;True;True;True;False;HMDB00306;C00483;5610;15760;0.00012;0.0116;0.00082;0.00258
store_tymsf[bl];0;0;0;0;0;False;False;False;True;True;False;False;False;HMDB06409;;153005;NaN;NaN;NaN;NaN;NaN
store_tyr_L[bl];557.75;224;891.5;164;735;True;True;False;True;True;False;False;False;HMDB00158;C00082;6057;17895;44.8;178.3;32.8;147
store_udp[bl];205;145;265;0;0;False;True;False;True;True;False;False;False;HMDB00295;C00015;6031;17659;29;53;NaN;NaN
store_udpg[bl];775;210;1340;0;0;True;True;False;False;False;True;False;True;HMDB00286;C00029;53477679;52249;42;268;NaN;NaN
store_ump[bl];920;285;1555;0;0;False;True;False;True;True;False;False;False;HMDB00288;C00105;6030;16695;57;311;NaN;NaN
store_uppg3[bl];0;0;0;0;0;False;True;False;False;True;False;False;False;HMDB01086;C01051;1179;15437;NaN;NaN;NaN;NaN
store_ura[bl];8.0425;0.485;15.6;6.35;16.15;True;True;False;True;False;False;False;False;HMDB00300;C00106;1174;17568;0.097;3.12;1.27;3.23
store_urate[bl];1637.5;745;2530;359.5;13466.7;True;True;False;True;False;True;True;False;HMDB00289;C00366;1175;17775;149;506;71.9;2693.34
store_urcan[bl];2.15;0.5;3.8;0;0;True;True;True;False;False;True;False;False;HMDB00301;C00785;736715;27248;0.1;0.76;NaN;NaN
store_urea[bl];28975;12950;45000;7329.5;25769.5;True;True;False;True;False;True;False;False;HMDB00294;C00086;1176;16199;2590;9000;1465.9;5153.9
store_uri[bl];15.6;9.05;22.15;11.55;43;True;True;False;True;False;False;False;False;HMDB00296;C00299;6029;16704;1.81;4.43;2.31;8.6
store_utp[bl];0;0;0;0;0;False;False;False;True;True;False;False;False;HMDB00285;C00075;6133;15713;NaN;NaN;NaN;NaN
store_vacc[bl];53.5;28.5;78.5;10.555;53.345;False;True;False;True;True;False;False;False;HMDB03231;C08367;5281127;28727;5.7;15.7;2.111;10.669
store_val_L[bl];1195.75;755;1636.5;414;1590;True;True;False;True;False;False;False;False;HMDB00883;C00183;6287;16414;151;327.3;82.8;318
store_vitd3[bl];0.22175;0.009;0.4345;0.0105;0.0265;False;True;False;True;True;True;False;False;HMDB00876;C05443;10883523;28940;0.0018;0.0869;0.0021;0.0053
store_whhdca[bl];0;0;0;0;0;False;False;False;True;True;False;False;False;HMDB06294;C18218;7058075;55329;NaN;NaN;NaN;NaN
store_xan[bl];20.4;0.8;40;9.5;256;True;True;False;False;True;True;False;True;HMDB00292;C00385;1188;17712;0.16;8;1.9;51.2
store_xol7aone[bl];0;0;0;0.11;1.4;True;True;False;True;False;True;False;False;HMDB01993;C05455;123743;17899;NaN;NaN;0.022;0.28
store_xtsn[bl];25.4;23.9;26.9;0;0;True;True;False;False;True;False;False;False;HMDB00299;C01762;64959;18107;4.78;5.38;NaN;NaN
store_xylt[bl];3.385;2.86;3.91;0;0;True;True;True;False;False;False;False;False;HMDB02917;C00379;6912;17151;0.572;0.782;NaN;NaN
store_xylu_D[bl];0;0;0;0;0;True;True;False;False;True;False;False;False;HMDB01644;C00310;5289590;17140;NaN;NaN;NaN;NaN
store_xylu_L[bl];52.5;0;105;0;50;True;True;True;False;False;False;False;False;HMDB00751;C00312;22253;17399;0;21;0;10
