meal_umol1;meal_umol2;
store_ala_L[bl];20241;0
store_arg_L[bl];13579;-
store_asn_L[bl];15098;0
store_asp_L[bl];14986;+
store_cys_L[bl];2004;0
store_gln_L[bl];35300;0
store_glu_L[bl];35063;+
store_gly[bl];19919;0
store_his_L[bl];8503;0
store_ile_L[bl];18835;0
store_leu_L[bl];32430;0
store_lys_L[bl];22852;-
store_met_L[bl];7834;0
store_phe_L[bl];15299;0
store_pro_L[bl];38324;0
store_ser_L[bl];26389;0
store_thr_L[bl];14651;0
store_trp_L[bl];3335;0
store_tyr_L[bl];11946;0
store_val_L[bl];26348;0
store_tag_hs[bl];21897;0
store_glc_D[bl];411553;0
