meal_umol1;meal_umol2
store_ala_L[bl];25431
store_arg_L[bl];14438
store_asn_L[bl];16790
store_asp_L[bl];16667
store_cys_L[bl];10720
store_gln_L[bl];30810
store_glu_L[bl];30603
store_gly[bl];24218
store_his_L[bl];8612
store_ile_L[bl];17913
store_leu_L[bl];28669
store_lys_L[bl];22218
store_met_L[bl];7593
store_phe_L[bl];13601
store_pro_L[bl];27029
store_ser_L[bl];24539
store_thr_L[bl];15508
store_trp_L[bl];2996
store_tyr_L[bl];9262
store_val_L[bl];23611
store_tag_hs[bl];74481
store_glc_D[bl];527304
