meal_umol1;meal_umol2;
ala_L_FOOD;0;store_ala_L[bl]
arg_L_FOOD;0;store_arg_L[bl]
asn_L_FOOD;0;store_asn_L[bl]
asp_L_FOOD;0;store_asp_L[bl]
cys_L_FOOD;0;store_cys_L[bl]
gln_L_FOOD;0;store_gln_L[bl]
glu_L_FOOD;0;store_glu_L[bl]
gly_FOOD;0;store_gly[bl]
his_L_FOOD;0;store_his_L[bl]
ile_L_FOOD;0;store_ile_L[bl]
leu_L_FOOD;0;store_leu_L[bl]
lys_L_FOOD;0;store_lys_L[bl]
met_L_FOOD;0;store_met_L[bl]
phe_L_FOOD;0;store_phe_L[bl]
pro_L_FOOD;0;store_pro_L[bl]
ser_L_FOOD;0;store_ser_L[bl]
thr_L_FOOD;0;store_thr_L[bl]
trp_L_FOOD;0;store_trp_L[bl]
tyr_L_FOOD;0;store_tyr_L[bl]
val_L_FOOD;0;store_val_L[bl]
tag_hs_FOOD;0;store_tag_hs[bl]
glc_D_FOOD;0;store_glc_D[bl]
