;mean;lb;ub
Muscle_ala_L_store;28508;24637;32010
Muscle_arg_L_store;58737;37049;65557
Muscle_asn_L_store;5038;2335;5837
Muscle_asp_L_store;6636;3994;12104
Muscle_gln_L_store;141189;110162;160051
Muscle_glu_L_store;32502;20398;37970
Muscle_gly_store;13056;11182;14162
Muscle_his_L_store;3748;3133;4485
Muscle_ile_L_store;1782;1536;5161
Muscle_leu_L_store;3502;3195;8417
Muscle_lys_L_store;6328;3502;8909
Muscle_met_L_store;614;492;1597
Muscle_phe_L_store;1106;922;4792
Muscle_ser_L_store;9032;7066;13455
Muscle_thr_L_store;13056;11182;14162
Muscle_tyr_L_store;58737;37049;65557
Muscle_val_L_store;4547;4116;11428
