IEM,Met,Regulation,LitSign
S_ADENOSYLHOMOCYSTEIN_HYDROLASE,arg_L,n,
S_ADENOSYLHOMOCYSTEIN_HYDROLASE,leu_L,n,
S_ADENOSYLHOMOCYSTEIN_HYDROLASE,phe_L,n,
S_ADENOSYLHOMOCYSTEIN_HYDROLASE,cys_L,n,
S_ADENOSYLHOMOCYSTEIN_HYDROLASE,gln_L,n,
S_ADENOSYLHOMOCYSTEIN_HYDROLASE,ser_L,n,
S_ADENOSYLHOMOCYSTEIN_HYDROLASE,asn_L,n,
S_ADENOSYLHOMOCYSTEIN_HYDROLASE,trp_L,n,
S_ADENOSYLHOMOCYSTEIN_HYDROLASE,pro_L,n,
S_ADENOSYLHOMOCYSTEIN_HYDROLASE,thr_L,n,
S_ADENOSYLHOMOCYSTEIN_HYDROLASE,asp_L,n,
S_ADENOSYLHOMOCYSTEIN_HYDROLASE,gly,n,
S_ADENOSYLHOMOCYSTEIN_HYDROLASE,glu_L,n,
S_ADENOSYLHOMOCYSTEIN_HYDROLASE,ile_L,n,
S_ADENOSYLHOMOCYSTEIN_HYDROLASE,lys_L,n,
S_ADENOSYLHOMOCYSTEIN_HYDROLASE,val_L,n,
S_ADENOSYLHOMOCYSTEIN_HYDROLASE,met_L,up,+
S_ADENOSYLHOMOCYSTEIN_HYDROLASE,tyr_L,n,
S_ADENOSYLHOMOCYSTEIN_HYDROLASE,ala_L,n,
S_ADENOSYLHOMOCYSTEIN_HYDROLASE,his_L,n,
ALKAPTONURIA,arg_L,n,
ALKAPTONURIA,leu_L,n,
ALKAPTONURIA,phe_L,n,
ALKAPTONURIA,cys_L,n,
ALKAPTONURIA,gln_L,n,
ALKAPTONURIA,ser_L,n,
ALKAPTONURIA,asn_L,n,
ALKAPTONURIA,trp_L,n,
ALKAPTONURIA,pro_L,n,
ALKAPTONURIA,thr_L,n,
ALKAPTONURIA,asp_L,n,
ALKAPTONURIA,gly,n,
ALKAPTONURIA,glu_L,n,
ALKAPTONURIA,ile_L,n,
ALKAPTONURIA,lys_L,n,
ALKAPTONURIA,val_L,n,
ALKAPTONURIA,met_L,n,
ALKAPTONURIA,tyr_L,up,+
ALKAPTONURIA,ala_L,n,
ALKAPTONURIA,his_L,n,
ARGININEMIA,arg_L,up,+
ARGININEMIA,leu_L,n,
ARGININEMIA,phe_L,n,
ARGININEMIA,cys_L,n,
ARGININEMIA,gln_L,n,
ARGININEMIA,ser_L,n,
ARGININEMIA,asn_L,n,
ARGININEMIA,trp_L,n,
ARGININEMIA,pro_L,n,
ARGININEMIA,thr_L,n,
ARGININEMIA,asp_L,n,
ARGININEMIA,gly,n,
ARGININEMIA,glu_L,n,
ARGININEMIA,ile_L,n,
ARGININEMIA,lys_L,n,
ARGININEMIA,val_L,n,
ARGININEMIA,met_L,n,
ARGININEMIA,tyr_L,n,
ARGININEMIA,ala_L,n,
ARGININEMIA,his_L,n,
CYSTINURIA,arg_L,up,+
CYSTINURIA,leu_L,n,
CYSTINURIA,phe_L,n,
CYSTINURIA,cys_L,n,
CYSTINURIA,gln_L,n,
CYSTINURIA,ser_L,n,
CYSTINURIA,asn_L,n,
CYSTINURIA,trp_L,n,
CYSTINURIA,pro_L,n,
CYSTINURIA,thr_L,n,
CYSTINURIA,asp_L,n,
CYSTINURIA,gly,n,
CYSTINURIA,glu_L,n,
CYSTINURIA,ile_L,n,
CYSTINURIA,lys_L,up,+
CYSTINURIA,val_L,n,
CYSTINURIA,met_L,n,
CYSTINURIA,tyr_L,n,
CYSTINURIA,ala_L,n,
CYSTINURIA,his_L,n,
LYSINURIC PROTEIN INTOLERANCE,arg_L,up,+
LYSINURIC PROTEIN INTOLERANCE,leu_L,n,
LYSINURIC PROTEIN INTOLERANCE,phe_L,n,
LYSINURIC PROTEIN INTOLERANCE,cys_L,n,
LYSINURIC PROTEIN INTOLERANCE,gln_L,n,
LYSINURIC PROTEIN INTOLERANCE,ser_L,n,
LYSINURIC PROTEIN INTOLERANCE,asn_L,n,
LYSINURIC PROTEIN INTOLERANCE,trp_L,n,
LYSINURIC PROTEIN INTOLERANCE,pro_L,n,
LYSINURIC PROTEIN INTOLERANCE,thr_L,n,
LYSINURIC PROTEIN INTOLERANCE,asp_L,n,
LYSINURIC PROTEIN INTOLERANCE,gly,n,
LYSINURIC PROTEIN INTOLERANCE,glu_L,n,
LYSINURIC PROTEIN INTOLERANCE,ile_L,n,
LYSINURIC PROTEIN INTOLERANCE,lys_L,up,+
LYSINURIC PROTEIN INTOLERANCE,val_L,n,
LYSINURIC PROTEIN INTOLERANCE,met_L,n,
LYSINURIC PROTEIN INTOLERANCE,tyr_L,n,
LYSINURIC PROTEIN INTOLERANCE,ala_L,n,
LYSINURIC PROTEIN INTOLERANCE,his_L,n,
GLUTAMATE FORMIMINOTRANSFERASE DEFICIENCY,arg_L,n,
GLUTAMATE FORMIMINOTRANSFERASE DEFICIENCY,leu_L,n,
GLUTAMATE FORMIMINOTRANSFERASE DEFICIENCY,phe_L,n,
GLUTAMATE FORMIMINOTRANSFERASE DEFICIENCY,cys_L,n,
GLUTAMATE FORMIMINOTRANSFERASE DEFICIENCY,gln_L,n,
GLUTAMATE FORMIMINOTRANSFERASE DEFICIENCY,ser_L,n,
GLUTAMATE FORMIMINOTRANSFERASE DEFICIENCY,asn_L,n,
GLUTAMATE FORMIMINOTRANSFERASE DEFICIENCY,trp_L,n,
GLUTAMATE FORMIMINOTRANSFERASE DEFICIENCY,pro_L,n,
GLUTAMATE FORMIMINOTRANSFERASE DEFICIENCY,thr_L,n,
GLUTAMATE FORMIMINOTRANSFERASE DEFICIENCY,asp_L,n,
GLUTAMATE FORMIMINOTRANSFERASE DEFICIENCY,gly,n,
GLUTAMATE FORMIMINOTRANSFERASE DEFICIENCY,glu_L,n,
GLUTAMATE FORMIMINOTRANSFERASE DEFICIENCY,ile_L,n,
GLUTAMATE FORMIMINOTRANSFERASE DEFICIENCY,lys_L,n,
GLUTAMATE FORMIMINOTRANSFERASE DEFICIENCY,val_L,n,
GLUTAMATE FORMIMINOTRANSFERASE DEFICIENCY,met_L,n,
GLUTAMATE FORMIMINOTRANSFERASE DEFICIENCY,tyr_L,n,
GLUTAMATE FORMIMINOTRANSFERASE DEFICIENCY,ala_L,n,
GLUTAMATE FORMIMINOTRANSFERASE DEFICIENCY,his_L,up,+
HISTIDINEMIA,arg_L,n,
HISTIDINEMIA,leu_L,n,
HISTIDINEMIA,phe_L,n,
HISTIDINEMIA,cys_L,n,
HISTIDINEMIA,gln_L,n,
HISTIDINEMIA,ser_L,n,
HISTIDINEMIA,asn_L,n,
HISTIDINEMIA,trp_L,n,
HISTIDINEMIA,pro_L,n,
HISTIDINEMIA,thr_L,n,
HISTIDINEMIA,asp_L,n,
HISTIDINEMIA,gly,n,
HISTIDINEMIA,glu_L,n,
HISTIDINEMIA,ile_L,n,
HISTIDINEMIA,lys_L,n,
HISTIDINEMIA,val_L,n,
HISTIDINEMIA,met_L,n,
HISTIDINEMIA,tyr_L,n,
HISTIDINEMIA,ala_L,n,
HISTIDINEMIA,his_L,up,+
HOMOCYSTINURIA,arg_L,n,
HOMOCYSTINURIA,leu_L,n,
HOMOCYSTINURIA,phe_L,n,
HOMOCYSTINURIA,cys_L,n,
HOMOCYSTINURIA,gln_L,n,
HOMOCYSTINURIA,ser_L,n,
HOMOCYSTINURIA,asn_L,n,
HOMOCYSTINURIA,trp_L,n,
HOMOCYSTINURIA,pro_L,n,
HOMOCYSTINURIA,thr_L,n,
HOMOCYSTINURIA,asp_L,n,
HOMOCYSTINURIA,gly,n,
HOMOCYSTINURIA,glu_L,n,
HOMOCYSTINURIA,ile_L,n,
HOMOCYSTINURIA,lys_L,n,
HOMOCYSTINURIA,val_L,n,
HOMOCYSTINURIA,met_L,up,+
HOMOCYSTINURIA,tyr_L,n,
HOMOCYSTINURIA,ala_L,n,
HOMOCYSTINURIA,his_L,n,
HYPERPROLINEMIA TYPE I,arg_L,n,
HYPERPROLINEMIA TYPE I,leu_L,n,
HYPERPROLINEMIA TYPE I,phe_L,n,
HYPERPROLINEMIA TYPE I,cys_L,n,
HYPERPROLINEMIA TYPE I,gln_L,n,
HYPERPROLINEMIA TYPE I,ser_L,n,
HYPERPROLINEMIA TYPE I,asn_L,n,
HYPERPROLINEMIA TYPE I,trp_L,n,
HYPERPROLINEMIA TYPE I,pro_L,up,+
HYPERPROLINEMIA TYPE I,thr_L,n,
HYPERPROLINEMIA TYPE I,asp_L,n,
HYPERPROLINEMIA TYPE I,gly,n,
HYPERPROLINEMIA TYPE I,glu_L,n,
HYPERPROLINEMIA TYPE I,ile_L,n,
HYPERPROLINEMIA TYPE I,lys_L,n,
HYPERPROLINEMIA TYPE I,val_L,n,
HYPERPROLINEMIA TYPE I,met_L,n,
HYPERPROLINEMIA TYPE I,tyr_L,n,
HYPERPROLINEMIA TYPE I,ala_L,n,
HYPERPROLINEMIA TYPE I,his_L,n,
MAPLE SYRUP URINE DISEASE,arg_L,n,
MAPLE SYRUP URINE DISEASE,leu_L,up,+
MAPLE SYRUP URINE DISEASE,phe_L,n,
MAPLE SYRUP URINE DISEASE,cys_L,n,
MAPLE SYRUP URINE DISEASE,gln_L,n,
MAPLE SYRUP URINE DISEASE,ser_L,n,
MAPLE SYRUP URINE DISEASE,asn_L,n,
MAPLE SYRUP URINE DISEASE,trp_L,n,
MAPLE SYRUP URINE DISEASE,pro_L,n,
MAPLE SYRUP URINE DISEASE,thr_L,n,
MAPLE SYRUP URINE DISEASE,asp_L,n,
MAPLE SYRUP URINE DISEASE,gly,n,
MAPLE SYRUP URINE DISEASE,glu_L,n,
MAPLE SYRUP URINE DISEASE,ile_L,up,+
MAPLE SYRUP URINE DISEASE,lys_L,n,
MAPLE SYRUP URINE DISEASE,val_L,up,+
MAPLE SYRUP URINE DISEASE,met_L,n,
MAPLE SYRUP URINE DISEASE,tyr_L,n,
MAPLE SYRUP URINE DISEASE,ala_L,n,
MAPLE SYRUP URINE DISEASE,his_L,n,
METHIONINE_ADENOSYLTRANSFERASE_DEFICIENCY,arg_L,n,
METHIONINE_ADENOSYLTRANSFERASE_DEFICIENCY,leu_L,n,
METHIONINE_ADENOSYLTRANSFERASE_DEFICIENCY,phe_L,n,
METHIONINE_ADENOSYLTRANSFERASE_DEFICIENCY,cys_L,n,
METHIONINE_ADENOSYLTRANSFERASE_DEFICIENCY,gln_L,n,
METHIONINE_ADENOSYLTRANSFERASE_DEFICIENCY,ser_L,n,
METHIONINE_ADENOSYLTRANSFERASE_DEFICIENCY,asn_L,n,
METHIONINE_ADENOSYLTRANSFERASE_DEFICIENCY,trp_L,n,
METHIONINE_ADENOSYLTRANSFERASE_DEFICIENCY,pro_L,n,
METHIONINE_ADENOSYLTRANSFERASE_DEFICIENCY,thr_L,n,
METHIONINE_ADENOSYLTRANSFERASE_DEFICIENCY,asp_L,n,
METHIONINE_ADENOSYLTRANSFERASE_DEFICIENCY,gly,n,
METHIONINE_ADENOSYLTRANSFERASE_DEFICIENCY,glu_L,n,
METHIONINE_ADENOSYLTRANSFERASE_DEFICIENCY,ile_L,n,
METHIONINE_ADENOSYLTRANSFERASE_DEFICIENCY,lys_L,n,
METHIONINE_ADENOSYLTRANSFERASE_DEFICIENCY,val_L,n,
METHIONINE_ADENOSYLTRANSFERASE_DEFICIENCY,met_L,up,+
METHIONINE_ADENOSYLTRANSFERASE_DEFICIENCY,tyr_L,n,
METHIONINE_ADENOSYLTRANSFERASE_DEFICIENCY,ala_L,n,
METHIONINE_ADENOSYLTRANSFERASE_DEFICIENCY,his_L,n,
METHYLMALONIC ACIDEMIA (MMA),arg_L,n,
METHYLMALONIC ACIDEMIA (MMA),leu_L,n,
METHYLMALONIC ACIDEMIA (MMA),phe_L,n,
METHYLMALONIC ACIDEMIA (MMA),cys_L,n,
METHYLMALONIC ACIDEMIA (MMA),gln_L,n,
METHYLMALONIC ACIDEMIA (MMA),ser_L,n,
METHYLMALONIC ACIDEMIA (MMA),asn_L,n,
METHYLMALONIC ACIDEMIA (MMA),trp_L,n,
METHYLMALONIC ACIDEMIA (MMA),pro_L,n,
METHYLMALONIC ACIDEMIA (MMA),thr_L,n,
METHYLMALONIC ACIDEMIA (MMA),asp_L,n,
METHYLMALONIC ACIDEMIA (MMA),gly,up,+
METHYLMALONIC ACIDEMIA (MMA),glu_L,n,
METHYLMALONIC ACIDEMIA (MMA),ile_L,n,
METHYLMALONIC ACIDEMIA (MMA),lys_L,n,
METHYLMALONIC ACIDEMIA (MMA),val_L,n,
METHYLMALONIC ACIDEMIA (MMA),met_L,n,
METHYLMALONIC ACIDEMIA (MMA),tyr_L,n,
METHYLMALONIC ACIDEMIA (MMA),ala_L,n,
METHYLMALONIC ACIDEMIA (MMA),his_L,n,
PHENYLKETONURIA,arg_L,n,
PHENYLKETONURIA,leu_L,n,
PHENYLKETONURIA,phe_L,up,+
PHENYLKETONURIA,cys_L,n,
PHENYLKETONURIA,gln_L,n,
PHENYLKETONURIA,ser_L,n,
PHENYLKETONURIA,asn_L,n,
PHENYLKETONURIA,trp_L,n,
PHENYLKETONURIA,pro_L,n,
PHENYLKETONURIA,thr_L,n,
PHENYLKETONURIA,asp_L,n,
PHENYLKETONURIA,gly,n,
PHENYLKETONURIA,glu_L,n,
PHENYLKETONURIA,ile_L,n,
PHENYLKETONURIA,lys_L,n,
PHENYLKETONURIA,val_L,n,
PHENYLKETONURIA,met_L,n,
PHENYLKETONURIA,tyr_L,down,-
PHENYLKETONURIA,ala_L,n,
PHENYLKETONURIA,his_L,n,
PHENYLKETONURIA_TYPE_2,arg_L,n,
PHENYLKETONURIA_TYPE_2,leu_L,n,
PHENYLKETONURIA_TYPE_2,phe_L,up,+
PHENYLKETONURIA_TYPE_2,cys_L,n,
PHENYLKETONURIA_TYPE_2,gln_L,n,
PHENYLKETONURIA_TYPE_2,ser_L,n,
PHENYLKETONURIA_TYPE_2,asn_L,n,
PHENYLKETONURIA_TYPE_2,trp_L,n,
PHENYLKETONURIA_TYPE_2,pro_L,n,
PHENYLKETONURIA_TYPE_2,thr_L,n,
PHENYLKETONURIA_TYPE_2,asp_L,n,
PHENYLKETONURIA_TYPE_2,gly,n,
PHENYLKETONURIA_TYPE_2,glu_L,n,
PHENYLKETONURIA_TYPE_2,ile_L,n,
PHENYLKETONURIA_TYPE_2,lys_L,n,
PHENYLKETONURIA_TYPE_2,val_L,n,
PHENYLKETONURIA_TYPE_2,met_L,n,
PHENYLKETONURIA_TYPE_2,tyr_L,n,
PHENYLKETONURIA_TYPE_2,ala_L,n,
PHENYLKETONURIA_TYPE_2,his_L,n,
TYROSINEMIA TYPE 1,arg_L,n,
TYROSINEMIA TYPE 1,leu_L,n,
TYROSINEMIA TYPE 1,phe_L,n,
TYROSINEMIA TYPE 1,cys_L,n,
TYROSINEMIA TYPE 1,gln_L,n,
TYROSINEMIA TYPE 1,ser_L,n,
TYROSINEMIA TYPE 1,asn_L,n,
TYROSINEMIA TYPE 1,trp_L,n,
TYROSINEMIA TYPE 1,pro_L,n,
TYROSINEMIA TYPE 1,thr_L,n,
TYROSINEMIA TYPE 1,asp_L,n,
TYROSINEMIA TYPE 1,gly,n,
TYROSINEMIA TYPE 1,glu_L,n,
TYROSINEMIA TYPE 1,ile_L,n,
TYROSINEMIA TYPE 1,lys_L,n,
TYROSINEMIA TYPE 1,val_L,n,
TYROSINEMIA TYPE 1,met_L,up,+
TYROSINEMIA TYPE 1,tyr_L,up,+
TYROSINEMIA TYPE 1,ala_L,n,
TYROSINEMIA TYPE 1,his_L,n,
TYROSINEMIA TYPE III,arg_L,n,
TYROSINEMIA TYPE III,leu_L,n,
TYROSINEMIA TYPE III,phe_L,n,
TYROSINEMIA TYPE III,cys_L,n,
TYROSINEMIA TYPE III,gln_L,n,
TYROSINEMIA TYPE III,ser_L,n,
TYROSINEMIA TYPE III,asn_L,n,
TYROSINEMIA TYPE III,trp_L,n,
TYROSINEMIA TYPE III,pro_L,n,
TYROSINEMIA TYPE III,thr_L,n,
TYROSINEMIA TYPE III,asp_L,n,
TYROSINEMIA TYPE III,gly,n,
TYROSINEMIA TYPE III,glu_L,n,
TYROSINEMIA TYPE III,ile_L,n,
TYROSINEMIA TYPE III,lys_L,n,
TYROSINEMIA TYPE III,val_L,n,
TYROSINEMIA TYPE III,met_L,n,
TYROSINEMIA TYPE III,tyr_L,up,+
TYROSINEMIA TYPE III,ala_L,n,
TYROSINEMIA TYPE III,his_L,n,
GLYCINE ENCEPHALOPATHY_ NONKETOTIC HYPERGLYCINEMIA _ NKH,arg_L,n,
GLYCINE ENCEPHALOPATHY_ NONKETOTIC HYPERGLYCINEMIA _ NKH,leu_L,n,
GLYCINE ENCEPHALOPATHY_ NONKETOTIC HYPERGLYCINEMIA _ NKH,phe_L,n,
GLYCINE ENCEPHALOPATHY_ NONKETOTIC HYPERGLYCINEMIA _ NKH,cys_L,n,
GLYCINE ENCEPHALOPATHY_ NONKETOTIC HYPERGLYCINEMIA _ NKH,gln_L,n,
GLYCINE ENCEPHALOPATHY_ NONKETOTIC HYPERGLYCINEMIA _ NKH,ser_L,n,
GLYCINE ENCEPHALOPATHY_ NONKETOTIC HYPERGLYCINEMIA _ NKH,asn_L,n,
GLYCINE ENCEPHALOPATHY_ NONKETOTIC HYPERGLYCINEMIA _ NKH,trp_L,n,
GLYCINE ENCEPHALOPATHY_ NONKETOTIC HYPERGLYCINEMIA _ NKH,pro_L,n,
GLYCINE ENCEPHALOPATHY_ NONKETOTIC HYPERGLYCINEMIA _ NKH,thr_L,n,
GLYCINE ENCEPHALOPATHY_ NONKETOTIC HYPERGLYCINEMIA _ NKH,asp_L,n,
GLYCINE ENCEPHALOPATHY_ NONKETOTIC HYPERGLYCINEMIA _ NKH,gly,up,+
GLYCINE ENCEPHALOPATHY_ NONKETOTIC HYPERGLYCINEMIA _ NKH,glu_L,n,
GLYCINE ENCEPHALOPATHY_ NONKETOTIC HYPERGLYCINEMIA _ NKH,ile_L,n,
GLYCINE ENCEPHALOPATHY_ NONKETOTIC HYPERGLYCINEMIA _ NKH,lys_L,n,
GLYCINE ENCEPHALOPATHY_ NONKETOTIC HYPERGLYCINEMIA _ NKH,val_L,n,
GLYCINE ENCEPHALOPATHY_ NONKETOTIC HYPERGLYCINEMIA _ NKH,met_L,n,
GLYCINE ENCEPHALOPATHY_ NONKETOTIC HYPERGLYCINEMIA _ NKH,tyr_L,n,
GLYCINE ENCEPHALOPATHY_ NONKETOTIC HYPERGLYCINEMIA _ NKH,ala_L,n,
GLYCINE ENCEPHALOPATHY_ NONKETOTIC HYPERGLYCINEMIA _ NKH,his_L,n,
