Rxn,lb,ub
Fat_ala_L,-46,43
Fat_arg_L,-39,23
Fat_asn_L,-12,17
Fat_asp_L,0,0
Fat_cys_L,0,1
Fat_gln_L,-178,184
Fat_glu_L,-47,-8
Fat_gly,-44,7
Fat_his_L,-3,5
Fat_ile_L,-4,5
Fat_leu_L,-7,8
Fat_lys_L,-13,1
Fat_met_L,-3,2
Fat_phe_L,-2,2
Fat_pro_L,-28,27
Fat_ser_L,-36,44
Fat_thr_L,-34,26
Fat_trp_L,-17,13
Fat_tyr_L,-5,4
Fat_val_L,-7,13
Muscle_ala_L,38,162
Muscle_arg_L,-4,54
Muscle_asn_L,2,61
Muscle_asp_L,-53,13
Muscle_cys_L,-6,10
Muscle_gln_L,-21,211
Muscle_glu_L,-208,45
Muscle_gly,0,42
Muscle_his_L,-7,22
Muscle_ile_L,-68,10
Muscle_leu_L,-87,21
Muscle_lys_L,-44,31
Muscle_met_L,-4,8
Muscle_phe_L,-34,13
Muscle_pro_L,20,88
Muscle_ser_L,-87,20
Muscle_thr_L,4,58
Muscle_trp_L,-1,3
Muscle_tyr_L,-19,10
Muscle_val_L,-119,23
Fat_tag_hs,-50,12
Fat_glc_D,-149,-12
Fat_glyc,37,211
Fat_lac_L,-137,87
Fat_nh4,0,0
Hep_ac,-53,50
Hep_acac,5,1036
Hep_bhb,5,1073
Hep_fru,-869,1000000
Hep_gal,-2224,1000000
Hep_glyc,-259,0
Hep_lac_L,-1400,294
Hep_nh4,0,0
Hep_sbt_D,-303,1000000
Hep_tag_hs,-3,68
Hep_xylt,-303,1000000
Hep_pyr,-80,0
Muscle_glc_D,-19333,-44.84
Muscle_glyc,-3,72
Muscle_lac_L,-215,24376
Muscle_nh4,0,0
Muscle_pyr,-5,0
Muscle_tag_hs,-37,18
Muscle_bhb,-256,-10
Muscle_acac,-60,-10
Hep_Rtotal,-326,0
Hep_Rtotal2,-326,0
Hep_Rtotal3,-326,0
Fat_Rtotal,0,684
Fat_Rtotal2,0,684
Fat_Rtotal3,0,684
Muscle_Rtotal,-130,120
Muscle_Rtotal2,-130,120
Muscle_Rtotal3,-130,120
Hep_akg,-276,672
Muscle_akg,-220,252
Fat_akg,-7,37.2
Hep_cit,-230,560
Muscle_cit,-184,210
Fat_cit,-6,31
Fat_dag_hs,0,0
Hep_dag_hs,0,0
Muscle_dag_hs,0,0
Hep_glc_D,497,4210
Fat_co2,87,398
Hep_co2,963,6089
Muscle_co2,1210,116940
Fat_adrn,0,684
Fat_arach,0,684
Fat_arachd,0,684
Fat_but,0,684
Fat_clpnd,0,684
Fat_crvnc,0,684
Fat_doco13ac,0,684
Fat_eicostet,0,684
Fat_elaid,0,684
Fat_hexc,0,684
Fat_hpdca,0,684
Fat_lgnc,0,684
Fat_lneldc,0,684
Fat_nrvnc,0,684
Fat_ocdca,0,684
Fat_ocdcea,0,684
Fat_octa,0,684
Fat_ppa,0,684
Fat_ptdca,0,684
Fat_strdnc,0,684
Fat_tetpent3,0,684
Fat_tetpent6,0,684
Fat_tettet6,0,684
Fat_tmndnc,0,684
Fat_ttdca,0,684
Fat_whhdca,0,684
Fat_dca,0,684
Fat_ddca,0,684
Fat_hdcea,0,684
Fat_hdca,0,684
Fat_lnlnca,0,684
Fat_lnlncg,0,684
Fat_lnlc,0,684
Fat_vacc,0,684
Fat_dhea,0,684
Fat_prist_NR,0,684
Fat_dlnlcg,0,684
Fat_phyt,0,684
Fat_sebacid_NR,0,684
Fat_mev_R_NR,0,684
Muscle_adrn,-684,120
Muscle_arach,-684,120
Muscle_arachd,-684,120
Muscle_but,-684,120
Muscle_clpnd,-684,120
Muscle_crvnc,-684,120
Muscle_doco13ac,-684,120
Muscle_eicostet,-684,120
Muscle_elaid,-684,120
Muscle_hexc,-684,120
Muscle_hpdca,-684,120
Muscle_lgnc,-684,120
Muscle_lneldc,-684,120
Muscle_nrvnc,-684,120
Muscle_ocdca,-684,120
Muscle_ocdcea,-684,120
Muscle_octa,-684,120
Muscle_ppa,-684,120
Muscle_ptdca,-684,120
Muscle_strdnc,-684,120
Muscle_tetpent3,-684,120
Muscle_tetpent6,-684,120
Muscle_tettet6,-684,120
Muscle_tmndnc,-684,120
Muscle_ttdca,-684,120
Muscle_whhdca,-684,120
Muscle_dca,-684,120
Muscle_ddca,-684,120
Muscle_hdcea,-684,120
Muscle_hdca,-684,120
Muscle_lnlnca,-684,120
Muscle_lnlncg,-684,120
Muscle_lnlc,-684,120
Muscle_vacc,-684,120
Muscle_dhea,-684,120
Muscle_prist_NR,-684,120
Muscle_dlnlcg,-684,120
Muscle_phyt,-684,120
Muscle_sebacid_NR,-684,120
Muscle_mev_R_NR,-684,120
Hep_adrn,-978,0
Hep_arach,-978,0
Hep_arachd,-978,0
Hep_but,-978,0
Hep_clpnd,-978,0
Hep_crvnc,-978,0
Hep_doco13ac,-978,0
Hep_eicostet,-978,0
Hep_elaid,-978,0
Hep_hexc,-978,0
Hep_hpdca,-978,0
Hep_lgnc,-978,0
Hep_lneldc,-978,0
Hep_nrvnc,-978,0
Hep_ocdca,-978,0
Hep_ocdcea,-978,0
Hep_octa,-978,0
Hep_ppa,-978,0
Hep_ptdca,-978,0
Hep_strdnc,-978,0
Hep_tetpent3,-978,0
Hep_tetpent6,-978,0
Hep_tettet6,-978,0
Hep_tmndnc,-978,0
Hep_ttdca,-978,0
Hep_whhdca,-978,0
Hep_dca,-978,0
Hep_ddca,-978,0
Hep_hdcea,-978,0
Hep_hdca,-978,0
Hep_lnlnca,-978,0
Hep_lnlncg,-978,0
Hep_lnlc,-978,0
Hep_vacc,-978,0
Hep_dhea_NR,-978,0
Hep_prist_NR,-978,0
Hep_dlnlcg,-978,0
Hep_phyt,-978,0
Hep_sebacid_NR,-978,0
Hep_mev_R_NR,-978,0
Fat_o2,-397.76,-124
Hep_o2,-6089,-2160.47
Muscle_o2,-4705.08,-612.79
Hep_glygn_stores,-19.29,73.5
Hep_glc_D,611,1055