HMG,Hmg-Coa Lyase Deficiency,Inherited metabolic disorder,Organic acid disorders,Autosomal recessive,Liver; pancreas,246450,"""3155.1""",,,,
3MCC,3-MCC deficiency,Inherited metabolic disorder,Organic acid disorders,,Nervous system;  muscle,210200,"""56922.1""","""64087.1""",,,
ADSL,Adenylosuccinase Deficiency,Inherited metabolic disorder,AMP biosynthesis,Autosomal recessive,Nervous system,103050,"""158.1""","""158.2""",,,
AKU,Alkaptonuria,Inherited metabolic disorder,Amino acid disorders,Autosomal recessive,Nervous system; skeletal system; heart; kidney; prostrate,203500,"""3081.1""",,,,
ASA,ASL deficiency,Inherited metabolic disorder,Amino acid disorders,Autosomal recessive,Nervous system; liver; skin,207900,"""435.1""",,,,
CTX,Cerebrotendinous Xanthomatosis,Inherited metabolic disorder,Lipid disorder/cholesterol disorder,Autosomal recessive,Nervous system; muscle; eye; skeletal system,213700,"""1593.1""",,,,
CIT1,Citrullinemia I,Inherited metabolic disorder,Amino acid disorders,Autosomal recessive,Nervous system,215700,"""445.1""","""445.2""",,,
HCYS,Homocystinuria,Inherited metabolic disorder,Amino acid disorders,Autosomal recessive,Nervous system;  skeletal system,236200; 250940; OMIM;236270,"""875.1""","""4548.1""","""4524.1""",,
GALT,Galactosemia I,Inherited metabolic disorder,Carbohydrate disorder,Autosomal recessive,Liver; eye; nervous system,230400,"""2592.1""","""2592.2""","""2592.3""",,
FIGLU,Glutamate Formiminotransferase Deficiency,Inherited metabolic disorder,Amino acid disorders,Autosomal recessive,Nervous system,229100,"""10841.1""","""10841.2""",,,
GA1,Glutaric Acidemia Type I,Inherited metabolic disorder,Organic acid disorders,Autosomal recessive,Nervous system,231670,"""2639.1""","""2639.2""",,,
GA2,Glutaric Acidemia Type II,Inherited metabolic disorder,Fatty acid disorders,Autosomal recessive,Liver;  heart;  kidney;  muscle,231680,"""2109.2""","""2108.1""","""2109.1""","""2110.1""",
GMT,GAMT deficiency,Inherited metabolic disorder,Amino acid disorders,Autosomal recessive,Nervous system; muscle,601240,"""2593.1""","""2593.2""",,,
HIS,Histidinemia,Inherited metabolic disorder,Amino acid disorders,Autosomal recessive,Nervous system,235800,"""3034.1""",,,,
HLYS1,Hyperlysinemia I,Inherited metabolic disorder,Amino acid disorders,Autosomal recessive,Nervous system,238700,"""10157.1""",,,,
HPII,Hyperprolinemia Type II,Inherited metabolic disorder,Amino acid disorders,Autosomal recessive,Nervous system,239510,"""8659.1""","""8659.2""",,,
LNS,Lesch-Nyhan Syndrome,Inherited metabolic disorder,Nucleotide metabolism,X-linked ,Kidney; urinary bladder; skeletal system,300322,"""3251.1""",,,,
TFPD,Trifunctional Protein Deficiency,Inherited metabolic disorder,Lipid disorder,Autosomal recessive,Muscle; liver; eye; nervous system,609016,"""3030.1""",,,,
LPI,Lysinuric Protein Intolerance,Inherited metabolic disorder,Amino acid disorders,Autosomal recessive,Liver; spleen; skeletal system; muscle; kidney; respiratory system; nervous system; immune system; pancreas,222700,"""9056.1""",,,,
MSUD,MSUD,Inherited metabolic disorder,Amino acid disorders,Autosomal recessive,Nervous system,248600,"""1738.1""","""1629.1""","""594.1""","""593.1""","""594.2"""
MCAD,MCAD deficiency,Inherited metabolic disorder,Fatty acid disorders,Autosomal recessive,Liver; nervous system,201450,"""34.1""",,,,
MMA3,Methylmalonic Aciduria III,Inherited metabolic disorder,Amino acid disorders,,Nervous system,251120,"""84693.1""",,,,
GACR,Gyrate atrophy,Inherited metabolic disorder,Amino acid disorders,Autosomal recessive,Muscle; eye,258870,"""4942.1""",,,,
PA,Propionic Acidemia,Inherited metabolic disorder,Organic acid disorders,,Nervous system;  muscle;  heart,606054,"""5096.1""","""5095.1""",,,
CRFD,Refsum disease,Inherited metabolic disorder,Fatty acid disorders,Autosomal recessive,Eye; nervous system,266500,"""5264.1""",,,,
TALD,Transaldolase Deficiency,Inherited metabolic disorder,HMP shunt pathway,Autosomal recessive,Heart; liver; spleen; kidney,606003,"""6888.1""",,,,
TYR1,Tyrosinemia I,Inherited metabolic disorder,Amino acid disorders,Autosomal recessive,Nervous system; liver; kidney,276700,"""2184.1""",,,,
OROA,Orotic Aciduria,Inherited metabolic disorder,Nucleotide metabolism,Autosomal recessive,Heart; muscle; nervous system,258900,"""7372.1""",,,,
VLCAD,VLCAD deficiency ,Inherited metabolic disorder,Beta oxidation of fatty acids,Autosomal recessive,Nervous system; muscle; liver; heart,201475,"""37.1""",,,,
