SI_Rxn_name;Lb;ub
Fat_acetone;0;0
Fat_co2;0;1000000
Fat_creat;-1000000;0
Fat_fru;0;0
Fat_gal;0;0
Fat_lac_D;0;0
Fat_man;0;0
Fat_meoh;0;0
Fat_tag_stores;-762;24.8600
Fat_urate;0;0
Hep_co2;0;1000000
Hep_creat;0;1000000
Hep_glygn_stores;-227;73.5000
Hep_lac_D;0;0
Muscle_acetone;0;0
Muscle_co2;0;1000000
Muscle_creat;-1000000;0
Muscle_fru;0;0
Muscle_GACMTRc;0;0
Muscle_gal;0;0
Muscle_glygn_stores;-1851.8518;192.9
Muscle_lac_D;0;0
Muscle_man;0;0
Muscle_meoh;0;0
Muscle_urate;0;0
Hep_DM_atp;23887;23887
Muscle_DM_atp;15078;15078
store_o2[bl];-9157;0
store_co2[bl];0;8400
Hep_HC00001;0;0.1689
Hep_r0502;0;0
Hep_r0504;0;0
Hep_URATEtx;0;3.58
Fat_CE5786;0;0
Hep_LALDO;0;0
Muscle_LALDO;0;0
Fat_LALDO;0;0
Fat_LCYSTINte;0;0
Fat_r0016;0;1000000
Hep_r0016;0;1000000
Fat_GLYK;0;0
Muscle_GLYK;0;0
Fat_TAGt;-1000000;0
Fat_GLYCt;0;1000000
protein_degradation;0;163.5741
Hep_protein_turnover;1;1
Fat_protein_turnover;1;1
Muscle_protein_turnover;1;1
Fat_lnlc;-1000000;0
Fat_lnlnca;-1000000;0
Hep_lnlc;-1000000;0
Hep_lnlnca;-1000000;0
Muscle_lnlc;-1000000;0
Muscle_lnlnca;-1000000;0
Fat_CE5786;0;0
Hep_LALDO;0;0
Muscle_LALDO;0;0
Fat_LALDO;0;0
Fat_LCYSTINte;0;0
Fat_r0016;0;1000000
Hep_r0016;0;1000000
Fat_ACACt2_secretion;0;1000000
Fat_o2;-397.760000000000;-124
Hep_o2;-10800;-2160.47000000000
Muscle_o2;-4705.08000000000;-612.790000000000
Hep_acac;0;1000000
Hep_bhb;0;1000000