Abbrev,IEM,Gene1,Gene2,Gene3,Gene4,Var7,Var8,Var9,Var10,Var11,Var12
AGAT deficiency,Arginine:glycine amidinotransferase deficiency,2628,,,,2628.1,,,,,
Arginase deficiency,Arginase deficiency,383,,,,383.1,,,,,
ASL deficiency,Argininosuccinic aciduria,435,,,,435.1,,,,,
AADC deficiency,Aromatic L-amino acid decarboxylase  deficiency,1644,,,,1644.1,,,,,
CPS1deficiency,Carbamoyl phosphate synthetase I deficiency,1373,,,,1373.1,1373.2,,,,
Cystinuria,Cystinuria,6519,11136,,,6519.1,11136.1,,,,
GSH-S deficiency,Glutathione synthetase deficiency and 5-oxoprolinuria,2937,,,,2937.1,,,,,
GAMT deficiency,Guanidinoacetate methyltransferase deficiency,2593,,,,2593.1,2593.2,,,,
Gyrate atrophy,Gyrate atrophy of the choroid and retina,4942,,,,4942.1,,,,,
Histidinemia,Histidinemia,3034,,,,3034.1,,,,,
Homocystinuria,Homocystinuria,875,4524,4548,,875.1,4524.1,4548.1,,,
Hyperlysinemia I,Hyperlysinemia I familial,10157,,,,10157.1,,,,,
MSUD,Maple syrup urine disease,593,594,1629,1738,593.1,594.1,594.2,1629.1,1738.1,
OTC deficiency,Ornithine transcarbamylase deficiency,5009,,,,5009.1,,,,,
Sarcosinemia,Sarcosinemia,1757,,,,1757.1,,,,,
Citrullinemia I,Type I citrullinemia,445,,,,445.1,445.2,,,,
Tyrosinemia I,Tyrosinemia type 1,2184,,,,2184.1,,,,,
Tyrosinemia III,Tyrosinemia type III,3242,,,,3242.1,,,,,
SGLT-1 deficiency,Glucose-galactose malabsorption,6523,,,,6523.1,,,,,
Galactosemia I,Classic galactosemia/type 1,2592,,,,2592.1,2592.3,2592.2,,,
Lactase intolerance,Congenital lactase deficiency/congenital alactasia,3938,,,,3938.1,,,,,
Fumarase deficiency,Fumarase deficiency,2271,,,,2271.1,,,,,
Essential fructosuria,Fructosuria(essential Fructosuria),3795,,,,3795.1,3795.2,,,,
Galactosemia III,Galactosemia type III,2582,,,,2582.1,2582.2,,,,
G6PD deficiency,Glucose-6-phosphate dehydrogenase deficiency,2539,,,,2539.1,,,,,
GLUT1 deficiency,GLUT1 deficiency syndrome,6513,,,,6513.1,,,,,
Cori disease,Glycogen storage disease IIIa/Glycogen storage disease IIIb/CORI DISEASE,178,,,,178.4,178.5,178.1,178.3,178.2,178.6
Beta-galactosidase deficiency,GM1-gangliosidosis and Mucopolysaccharidosis type IV type B,2720,,,,2720.1,,,,,
Morquio syndrome,Mucopolysaccharidosis type IV type A/Morquio syndrome,2588,,,,2588.1,,,,,
PC deficiency,Pyruvate carboxylase deficiency,5091,,,,5091.1,5091.2,,,,
21-hydroxylase deficiency,21-hydroxylase deficiency,1589,,,,1589.1,,,,,
Adrenal insufficiency,Congenital lipoid adrenal hyperplasia (CLAH)/ StAR DEFICIENCY,1583,,,,1583.1,,,,,
CMO-1 deficiency,Corticosterone methyloxidase type 1 deficiency,1585,,,,1585.1,,,,,
3-MCC deficiency,3-methylcrotonyl coA carboxylase deficiency,56922,64087,,,56922.1,64087.1,,,,
Refsum disease,Classic refsum disease,5264,,,,5264.1,,,,,
LCAT deficiency,Fish-eye disease/ LCAT deficiency,3931,,,,3931.1,,,,,
MCAD deficiency,Medium chain acyl coA dehydrogenase deficiency,34,,,,34.1,,,,,
Mevalonic aciduria,Mevalonic aciduria,4598,,,,4598.1,,,,,
SCAD deficiency,Short chain 3-hydroxy acyl coA dehydrogenase deficiency Familial hyperinsulinism (FHI),3033,,,,3033.1,,,,,
SLOS,Smith-Lemli-Opitz syndrome,1717,,,,1717.1,,,,,
Carnitine deficiency,Systemic carnitine deficiency,6584,,,,6584.1,,,,,
Tangier disease,Tangier disease,19,,,,19.1,,,,,
VLCAD deficiency ,Very long-chain acyl-coenzyme A dehydrogenase (VLCAD) deficiency ,37,,,,37.1,,,,,
Zellweger syndrome,Zellweger syndrome,1962,5825,,,1962.1,5825.1,,,,
MNGIE disease,Mitochondrial neurogastrointestinal encephalopathy (MNGIE) disease,1890,,,,1890.1,,,,,
Xanthinuria I,Xanthinuria type 1,7498,,,,7498.1,,,,,
Hypercarotenemia,Autosomal domit hypercarotenemia and vitamin A deficiency,53630,,,,53630.1,,,,,
Biotinidase deficiency,Biotinidase deficiency,686,,,,686.1,,,,,
CN/GILBS,Crigler-Najjar syndrome type I/Gilbert syndrome/Crigler-Najjar syndrome type II,54658,,,,54658.1,,,,,
