S_ADENOSYLHOMOCYSTEIN_HYDROLASE,,AHCY,'191.1','',''
Alkaptonuria,HGD,HGD,'3081.1','',''
Arginase deficiency,,ARG1,'383.1','',''
Cystinuria,SLC3A1 or SLC7A9,SLC7A9;SLC3A1,'11136.1','6519.1',''
LYSINURIC PROTEIN INTOLERANCE,SLC7A7,SLC7A7,'','',''
GLUTAMATE FORMIMINOTRANSFERASE DEFICIENCY,FTCD,FTCD,'10841.1','10841.2',''
Histidinemia,HAL,HAL,'3034.1','',''
HOMOCYSTINURIA,CBS or MTHFR or MTR,CBS,'875.1','',''
HYPERPROLINEMIA TYPE I,PRODH,PRODH,'5625.1','',''
MSUD,BCKDHA or BCKDHB or DBT or DLD ,DBT;DLD;BCKDHA;BCKDHB,'','',''
METHIONINE_ADENOSYLTRANSFERASE_DEFICIENCY,,MAT1A,'4143.1','',''
METHYLMALONIC ACIDEMIA (MMA),MMAA or MUT ,MUT,'4594.1','',''
PHENYLKETONURIA,PAH,PAH,'','',''
PHENYLKETONURIA_TYPE_2,,QDPR,'5860.1','',''
Tyrosinemia I,FAH,FAH,'2184.1','',''
Tyrosinemia III,HPD,HPD,'3242.1','',''
GLYCINE ENCEPHALOPATHY_ NONKETOTIC HYPERGLYCINEMIA _ NKH,AMT or GLDC,GCSH;GLDC;AMT,'275.1','2653.1','2731.1'
